datetime,humidity,temperature,PC0_1,PC0_3,PC0_5,PC10,PC1_0,PC2_5,PC5_0,PM0_1,PM0_3,PM0_5,PM10,PM1_0,PM2_5,PM5_0
28-06-2026-00-00-00,63.8,30.2,31405.0,8471.0,3364.0,0.0,59.0,0.0,0.0,0.026241,0.21735,0.56875,0.620975,0.618676,0.620975,0.620975
28-06-2026-00-00-01,63.8,30.2,31293.0,8363.0,3199.0,0.0,56.0,0.0,0.0,0.026148,0.214828,0.548966,0.598256,0.596414,0.598256,0.598256
28-06-2026-00-00-02,63.9,30.2,30151.0,7926.0,2998.0,0.0,51.0,0.0,0.0,0.025193,0.204015,0.517146,0.560492,0.560492,0.560492,0.560492
28-06-2026-00-00-03,63.9,30.2,28455.0,7341.0,2779.0,0.0,45.0,0.0,0.0,0.023776,0.189391,0.479632,0.518021,0.518021,0.518021,0.518021
28-06-2026-00-00-04,63.8,30.2,27269.0,6944.0,2624.0,0.0,42.0,0.0,0.0,0.022785,0.17946,0.453528,0.489261,0.489261,0.489261,0.489261
28-06-2026-00-00-05,63.8,30.2,27334.0,6994.0,2617.0,0.0,45.0,0.0,0.0,0.022839,0.180636,0.454055,0.492384,0.492384,0.492384,0.492384
28-06-2026-00-00-06,64.0,30.2,28376.0,7601.0,2772.0,0.0,57.0,0.0,0.0,0.02371,0.19519,0.484719,0.5418,0.53258,0.5418,0.5418
28-06-2026-00-00-07,64.0,30.2,29461.0,8530.0,3084.0,0.0,76.0,2.0,0.0,0.024616,0.217063,0.539174,0.630601,0.60294,0.630601,0.630601
28-06-2026-00-00-08,63.9,30.2,30398.0,9356.0,3366.0,0.0,92.0,3.0,0.0,0.0254,0.236484,0.588039,0.705866,0.665289,0.705866,0.705866
28-06-2026-00-00-09,63.9,30.2,31265.0,10106.0,3624.0,0.0,106.0,3.0,0.0,0.026124,0.254121,0.632636,0.770396,0.721512,0.770396,0.770396
28-06-2026-00-00-10,63.8,30.2,32071.0,10789.0,3861.0,0.0,118.0,4.0,0.0,0.026798,0.270211,0.673486,0.826669,0.772248,0.826669,0.826669
28-06-2026-00-00-11,63.8,30.2,32822.0,11414.0,4079.0,0.0,128.0,4.0,0.0,0.027426,0.284945,0.710992,0.876871,0.81831,0.876871,0.876871
28-06-2026-00-00-12,63.9,30.2,33136.0,11847.0,4233.0,0.0,135.0,4.0,0.0,0.027687,0.294968,0.73707,0.910897,0.850024,0.910897,0.910897
28-06-2026-00-00-13,63.9,30.2,32263.0,11831.0,4238.0,0.0,135.0,4.0,0.0,0.026958,0.293869,0.736524,0.911794,0.849537,0.911794,0.911794
28-06-2026-00-00-14,63.8,30.2,30512.0,11284.0,4089.0,0.0,127.0,4.0,0.0,0.025495,0.280082,0.707139,0.871838,0.813277,0.871838,0.871838
28-06-2026-00-00-15,63.8,30.2,28654.0,10438.0,3784.0,0.0,111.0,4.0,0.0,0.023943,0.259428,0.654696,0.805586,0.747939,0.805586,0.805586
28-06-2026-00-00-16,63.8,30.2,27343.0,9777.0,3527.0,0.0,99.0,4.0,0.0,0.022847,0.24342,0.611874,0.776938,0.69538,0.758564,0.776938
28-06-2026-00-00-17,63.8,30.2,27403.0,9588.0,3330.0,0.0,92.0,5.0,0.0,0.022897,0.239218,0.587095,0.763197,0.664611,0.741169,0.763197
28-06-2026-00-00-18,63.8,30.2,29194.0,9956.0,3195.0,0.0,90.0,7.0,0.0,0.024394,0.249003,0.58278,0.792364,0.658201,0.755511,0.792364
28-06-2026-00-00-19,63.8,30.2,31175.0,10363.0,3082.0,0.0,88.0,8.0,0.0,0.026049,0.259845,0.581735,0.805942,0.656094,0.769089,0.805942
28-06-2026-00-00-20,63.9,30.2,33007.0,10731.0,2977.0,0.0,87.0,9.0,0.0,0.02758,0.269694,0.580688,0.815072,0.654161,0.778218,0.815072
28-06-2026-00-00-21,63.9,30.2,34702.0,11065.0,2882.0,0.0,86.0,10.0,0.0,0.028996,0.278638,0.579659,0.817248,0.652248,0.784154,0.817248
28-06-2026-00-00-22,63.9,30.2,36873.0,11860.0,3017.0,0.0,98.0,11.0,0.0,0.03081,0.29839,0.613531,0.861411,0.695915,0.843036,0.861411
28-06-2026-00-00-23,63.9,30.2,40860.0,13391.0,3537.0,0.0,126.0,12.0,0.0,0.034141,0.336255,0.70568,0.989137,0.811611,0.974417,0.989137
28-06-2026-00-00-24,63.8,30.2,44516.0,14796.0,4048.0,0.0,151.0,12.0,0.0,0.037196,0.371016,0.793798,1.08842,0.92009,1.08842,1.08842
28-06-2026-00-00-25,63.8,30.2,46626.0,15660.0,4477.0,0.0,169.0,12.0,0.0,0.038959,0.392251,0.859926,1.16456,1.001297,1.16456,1.16456
28-06-2026-00-00-26,63.8,30.2,46839.0,15900.0,4825.0,0.0,180.0,11.0,0.0,0.039137,0.397858,0.901819,1.200593,1.053015,1.200593,1.200593
28-06-2026-00-00-27,63.8,30.2,47027.0,16118.0,5150.0,0.0,191.0,10.0,0.0,0.039294,0.402938,0.940893,1.237224,1.101178,1.237224,1.237224
28-06-2026-00-00-28,63.8,30.2,47679.0,16442.0,5476.0,0.0,203.0,9.0,0.0,0.039839,0.410784,0.982801,1.282875,1.152823,1.282875,1.282875
28-06-2026-00-00-29,63.8,30.2,48298.0,16751.0,5778.0,0.0,213.0,9.0,0.0,0.040356,0.418268,1.02175,1.326198,1.2003,1.326198,1.326198
28-06-2026-00-00-30,63.7,30.2,48159.0,16491.0,5821.0,0.0,209.0,8.0,0.0,0.04024,0.412278,1.020311,1.304073,1.195231,1.304073,1.304073
28-06-2026-00-00-31,63.7,30.2,45736.0,15305.0,5437.0,0.0,185.0,5.0,0.0,0.038216,0.383508,0.951405,1.184291,1.106349,1.184291,1.184291
28-06-2026-00-00-32,63.8,30.2,43831.0,14350.0,5050.0,0.0,164.0,4.0,0.0,0.036624,0.36038,0.887873,1.081389,1.025584,1.081389,1.081389
28-06-2026-00-00-33,63.8,30.2,42530.0,13643.0,4710.0,0.0,148.0,3.0,0.0,0.035537,0.343336,0.835317,1.000636,0.959131,1.000636,1.000636
28-06-2026-00-00-34,63.9,30.2,41326.0,13002.0,4399.0,0.0,133.0,2.0,0.0,0.034531,0.32787,0.787344,0.93152,0.899236,0.93152,0.93152
28-06-2026-00-00-35,63.9,30.2,40455.0,12535.0,4173.0,0.0,120.0,1.0,0.0,0.033803,0.316602,0.752452,0.87798,0.853545,0.87798,0.87798
28-06-2026-00-00-36,63.8,30.2,39996.0,12266.0,4049.0,0.0,108.0,1.0,0.0,0.033419,0.310159,0.733123,0.841989,0.824006,0.841989,0.841989
28-06-2026-00-00-37,63.8,30.2,39556.0,12008.0,3934.0,0.0,98.0,1.0,0.0,0.033052,0.30396,0.714855,0.810598,0.796768,0.810598,0.810598
28-06-2026-00-00-38,63.9,30.2,39149.0,11773.0,3828.0,0.0,88.0,0.0,0.0,0.032712,0.29832,0.698157,0.783033,0.772428,0.783033,0.783033
28-06-2026-00-00-39,63.9,30.2,38773.0,11559.0,3731.0,0.0,81.0,0.0,0.0,0.032397,0.293187,0.68289,0.75983,0.750609,0.75983,0.75983
28-06-2026-00-00-40,63.7,30.2,37714.0,11120.0,3620.0,0.0,72.0,0.0,0.0,0.031513,0.282402,0.660531,0.727679,0.721227,0.727679,0.727679
28-06-2026-00-00-41,63.7,30.2,36273.0,10564.0,3504.0,0.0,64.0,0.0,0.0,0.030309,0.268646,0.634692,0.693124,0.688514,0.693124,0.693124
28-06-2026-00-00-42,63.9,30.2,35142.0,10133.0,3411.0,0.0,57.0,0.0,0.0,0.029363,0.257965,0.614296,0.67375,0.662688,0.67375,0.67375
28-06-2026-00-00-43,63.9,30.2,34573.0,9913.0,3330.0,0.0,52.0,2.0,0.0,0.028888,0.252542,0.600394,0.687312,0.644536,0.67635,0.687312
28-06-2026-00-00-44,63.9,30.2,34851.0,9995.0,3308.0,0.0,48.0,4.0,0.0,0.02912,0.254624,0.600129,0.730693,0.640879,0.697598,0.730693
28-06-2026-00-00-45,63.9,30.2,35166.0,10089.0,3295.0,0.0,45.0,5.0,0.0,0.029383,0.257005,0.601182,0.749196,0.639011,0.712343,0.749196
28-06-2026-00-00-46,63.8,30.2,35605.0,10226.0,3303.0,0.0,42.0,6.0,0.0,0.029751,0.260452,0.605452,0.763581,0.640949,0.726727,0.763581
28-06-2026-00-00-47,63.8,30.2,36927.0,10667.0,3430.0,0.0,40.0,7.0,0.0,0.030855,0.271503,0.629803,0.799284,0.663736,0.76243,0.799284
28-06-2026-00-00-48,63.7,30.2,38415.0,11159.0,3574.0,0.0,39.0,8.0,0.0,0.032098,0.28385,0.657187,0.853699,0.690029,0.805779,0.853699
28-06-2026-00-00-49,63.7,30.2,40721.0,11931.0,3753.0,0.0,39.0,12.0,0.0,0.034025,0.303199,0.695207,0.940884,0.72793,0.885656,0.940884
28-06-2026-00-00-50,64.0,30.2,43040.0,12692.0,3918.0,0.0,38.0,14.0,0.0,0.035963,0.322309,0.731581,1.003252,0.764009,0.948024,1.003252
28-06-2026-00-00-51,64.0,30.2,44144.0,13016.0,3989.0,0.0,37.0,14.0,0.0,0.036885,0.330544,0.747178,1.019216,0.778131,0.963988,1.019216
28-06-2026-00-00-52,63.8,30.2,43537.0,12748.0,3889.0,0.0,34.0,13.0,0.0,0.036378,0.323983,0.730246,0.98923,0.75875,0.934002,0.98923
28-06-2026-00-00-53,63.8,30.2,42916.0,12484.0,3791.0,0.0,31.0,12.0,0.0,0.03586,0.317521,0.713456,0.962907,0.739807,0.90768,0.962907
28-06-2026-00-00-54,63.9,30.2,42194.0,12193.0,3680.0,0.0,29.0,12.0,0.0,0.035256,0.310351,0.694791,0.924834,0.719252,0.880673,0.924834
28-06-2026-00-00-55,63.9,30.2,41262.0,11839.0,3475.0,0.0,26.0,11.0,0.0,0.034477,0.301567,0.664599,0.861799,0.687083,0.843424,0.861799
28-06-2026-00-00-56,63.8,30.2,40557.0,11570.0,3271.0,0.0,24.0,11.0,0.0,0.033888,0.29492,0.636557,0.802051,0.657241,0.802051,0.802051
28-06-2026-00-00-57,63.8,30.2,39089.0,11040.0,3042.0,0.0,27.0,8.0,0.0,0.032662,0.281727,0.599449,0.73602,0.622111,0.73602,0.73602
28-06-2026-00-00-58,63.9,30.2,37678.0,10539.0,2834.0,0.0,43.0,7.0,0.0,0.031483,0.26925,0.565244,0.724203,0.601597,0.705829,0.724203
28-06-2026-00-00-59,63.9,30.2,,,,,,,,,,,,,,
28-06-2026-00-01-00,63.9,30.2,36855.0,10460.0,2764.0,0.0,82.0,8.0,0.0,0.030795,0.266785,0.555551,0.766018,0.62448,0.740231,0.766018
28-06-2026-00-01-01,63.9,30.2,37323.0,11102.0,3022.0,0.0,112.0,10.0,0.0,0.031186,0.281654,0.597278,0.868606,0.691554,0.831753,0.868606
28-06-2026-00-01-02,63.9,30.2,37793.0,11697.0,3259.0,0.0,139.0,12.0,0.0,0.031579,0.295484,0.635859,0.947096,0.75206,0.910243,0.947096
28-06-2026-00-01-03,63.9,30.2,38252.0,12250.0,3487.0,0.0,164.0,13.0,0.0,0.031962,0.30834,0.672608,1.016309,0.81026,0.983214,1.016309
28-06-2026-00-01-04,63.8,30.2,38472.0,12682.0,3695.0,0.0,187.0,14.0,0.0,0.032146,0.318274,0.704281,1.063503,0.861113,1.045128,1.063503
28-06-2026-00-01-05,63.8,30.2,38580.0,13042.0,3882.0,0.0,202.0,14.0,0.0,0.032237,0.32648,0.731946,1.100305,0.901113,1.085585,1.100305
28-06-2026-00-01-06,63.9,30.2,38699.0,13383.0,4060.0,0.0,203.0,13.0,0.0,0.032336,0.334278,0.758344,1.098771,0.928129,1.098771,1.098771
28-06-2026-00-01-07,63.9,30.2,38602.0,13623.0,4194.0,0.0,202.0,12.0,0.0,0.032255,0.339592,0.777626,1.107242,0.947205,1.107242,1.107242
28-06-2026-00-01-08,63.8,30.2,37603.0,13320.0,4112.0,0.0,193.0,10.0,0.0,0.03142,0.331921,0.761386,1.058558,0.922969,1.058558,1.058558
28-06-2026-00-01-09,63.8,30.2,37361.0,12975.0,3982.0,0.0,177.0,8.0,0.0,0.031218,0.323936,0.739903,0.993985,0.887912,0.993985,0.993985
28-06-2026-00-01-10,63.8,30.2,37456.0,12767.0,3912.0,0.0,165.0,6.0,0.0,0.031297,0.319331,0.727925,0.951591,0.865813,0.951591,0.951591
28-06-2026-00-01-11,63.8,30.2,38126.0,12757.0,4004.0,0.0,161.0,5.0,0.0,0.031857,0.319671,0.737884,0.940468,0.872674,0.940468,0.940468
28-06-2026-00-01-12,63.8,30.2,38721.0,12735.0,4107.0,0.0,158.0,4.0,0.0,0.032355,0.319666,0.7487,0.934741,0.881247,0.934741,0.934741
28-06-2026-00-01-13,63.8,30.2,39660.0,12846.0,4266.0,0.0,159.0,3.0,0.0,0.033139,0.322956,0.768576,0.946887,0.902156,0.946887,0.946887
28-06-2026-00-01-14,63.8,30.2,41753.0,13355.0,4638.0,0.0,170.0,2.0,0.0,0.034887,0.336178,0.820628,0.999486,0.963061,0.999486,0.999486
28-06-2026-00-01-15,63.8,30.2,45937.0,14605.0,5341.0,0.0,190.0,2.0,0.0,0.038384,0.367884,0.925797,1.115831,1.084931,1.115831,1.115831
28-06-2026-00-01-16,63.8,30.2,50157.0,15863.0,6045.0,0.0,209.0,2.0,0.0,0.04191,0.399793,1.03114,1.234134,1.206473,1.234134,1.234134
28-06-2026-00-01-17,63.8,30.2,53063.0,16672.0,6563.0,0.0,224.0,1.0,0.0,0.044337,0.42046,1.105902,1.317194,1.293216,1.317194,1.317194
28-06-2026-00-01-18,63.8,30.2,55395.0,17286.0,6988.0,0.0,234.0,1.0,0.0,0.046286,0.436268,1.166095,1.382277,1.361995,1.382277,1.382277
28-06-2026-00-01-19,63.8,30.2,56625.0,17544.0,7224.0,0.0,235.0,2.0,0.0,0.047314,0.443126,1.197649,1.435234,1.394228,1.43158,1.435234
28-06-2026-00-01-20,63.9,30.2,57784.0,17792.0,7433.0,0.0,235.0,4.0,0.0,0.048282,0.449681,1.226017,1.502743,1.423039,1.484368,1.502743
28-06-2026-00-01-21,63.9,30.2,58448.0,17878.0,7559.0,0.0,232.0,5.0,0.0,0.048837,0.45217,1.241669,1.530438,1.435976,1.512064,1.530438
28-06-2026-00-01-22,63.9,30.2,57486.0,17417.0,7424.0,0.0,217.0,6.0,0.0,0.048034,0.440977,1.216395,1.503181,1.398101,1.484807,1.503181
28-06-2026-00-01-23,63.9,30.2,54482.0,16227.0,6942.0,0.0,193.0,7.0,0.0,0.045524,0.411608,1.136721,1.409437,1.298363,1.391063,1.409437
28-06-2026-00-01-24,63.8,30.2,52575.0,15361.0,6483.0,0.0,174.0,7.0,0.0,0.04393,0.390483,1.067664,1.35378,1.213165,1.316927,1.35378
28-06-2026-00-01-25,63.8,30.2,52129.0,14949.0,6177.0,0.0,164.0,8.0,0.0,0.043557,0.380826,1.025963,1.297224,1.163556,1.27885,1.297224
28-06-2026-00-01-26,63.9,30.2,53193.0,15097.0,6126.0,0.0,170.0,9.0,0.0,0.044446,0.385051,1.024873,1.300468,1.167718,1.29316,1.300468
28-06-2026-00-01-27,63.9,30.2,53920.0,15139.0,6059.0,0.0,174.0,8.0,0.0,0.045054,0.386603,1.019488,1.27722,1.165609,1.27722,1.27722
28-06-2026-00-01-28,63.8,30.2,55121.0,15366.0,6111.0,0.0,184.0,6.0,0.0,0.046057,0.392723,1.031026,1.276166,1.18532,1.276166,1.276166
28-06-2026-00-01-29,63.8,30.2,58234.0,16282.0,6530.0,0.0,208.0,6.0,0.0,0.048659,0.415983,1.098025,1.354187,1.272562,1.354187,1.354187
28-06-2026-00-01-30,63.8,30.2,61858.0,17369.0,7291.0,0.0,251.0,7.0,0.0,0.051686,0.443551,1.205104,1.534388,1.41502,1.516013,1.534388
28-06-2026-00-01-31,63.8,30.2,65101.0,18346.0,8080.0,0.0,293.0,9.0,0.0,0.054397,0.46829,1.312258,1.706691,1.557347,1.677251,1.706691
28-06-2026-00-01-32,63.8,30.2,66724.0,18840.0,8742.0,0.0,325.0,9.0,0.0,0.055752,0.4808,1.393819,1.829189,1.665967,1.792335,1.829189
28-06-2026-00-01-33,63.8,30.2,66974.0,18939.0,9287.0,0.0,349.0,9.0,0.0,0.055961,0.483226,1.45321,1.912239,1.745335,1.875386,1.912239
28-06-2026-00-01-34,63.9,30.2,66147.0,18652.0,9884.0,0.0,374.0,11.0,0.0,0.05527,0.476061,1.508388,2.024047,1.82167,1.972474,2.024047
28-06-2026-00-01-35,63.9,30.2,65748.0,18478.0,10503.0,0.0,402.0,13.0,0.0,0.054937,0.471812,1.568784,2.13126,1.904934,2.076033,2.13126
28-06-2026-00-01-36,63.9,30.2,65621.0,18266.0,11034.0,0.0,427.0,14.0,0.0,0.05483,0.466929,1.619324,2.223929,1.976808,2.172355,2.223929
28-06-2026-00-01-37,63.9,30.2,63667.0,17402.0,11165.0,0.0,435.0,16.0,0.0,0.053198,0.445791,1.611915,2.222621,1.97592,2.185768,2.222621
28-06-2026-00-01-38,63.9,30.2,61474.0,16447.0,10946.0,0.0,424.0,15.0,0.0,0.051366,0.422431,1.565709,2.153954,1.920626,2.1171,2.153954
28-06-2026-00-01-39,63.9,30.2,59810.0,15669.0,10702.0,0.0,414.0,14.0,0.0,0.049975,0.403479,1.521242,2.11495,1.867837,2.05231,2.11495
28-06-2026-00-01-40,63.8,30.2,58462.0,15019.0,10503.0,0.0,409.0,13.0,0.0,0.048849,0.387686,1.484694,2.080639,1.82707,2.006932,2.080639
28-06-2026-00-01-41,63.8,30.2,57466.0,14529.0,10323.0,0.0,427.0,15.0,0.0,0.048017,0.375798,1.453941,2.111339,1.811189,2.0155,2.111339
28-06-2026-00-01-42,63.8,30.2,56642.0,14631.0,10140.0,0.0,452.0,18.0,1.0,0.047328,0.377422,1.436467,2.166991,1.814341,2.052777,2.166991
28-06-2026-00-01-43,63.8,30.2,56350.0,15087.0,10028.0,0.0,480.0,20.0,1.0,0.047085,0.387467,1.43481,2.238994,1.836466,2.109956,2.238994
28-06-2026-00-01-44,63.8,30.2,55221.0,15333.0,9835.0,0.0,496.0,22.0,1.0,0.046141,0.392066,1.419304,2.269957,1.834297,2.122545,2.269957
28-06-2026-00-01-45,63.8,30.2,54041.0,15526.0,9644.0,0.0,509.0,22.0,1.0,0.045155,0.395431,1.402734,2.245836,1.828114,2.12421,2.245836
28-06-2026-00-01-46,63.8,30.2,53148.0,15728.0,9469.0,0.0,521.0,23.0,0.0,0.044409,0.399232,1.388248,2.23214,1.824133,2.128993,2.23214
28-06-2026-00-01-47,63.8,30.2,52091.0,15848.0,9273.0,0.0,530.0,23.0,0.0,0.043526,0.401059,1.369546,2.188646,1.812425,2.122352,2.188646
28-06-2026-00-01-48,63.7,30.2,52233.0,16355.0,9268.0,0.0,550.0,24.0,0.0,0.043644,0.412622,1.380637,2.197397,1.840511,2.15689,2.197397
28-06-2026-00-01-49,63.7,30.2,53100.0,17019.0,9350.0,0.0,554.0,22.0,0.0,0.044369,0.428325,1.404853,2.182504,1.868504,2.16413,2.182504
28-06-2026-00-01-50,63.7,30.2,53624.0,16990.0,9134.0,0.0,533.0,18.0,0.0,0.044807,0.428114,1.382169,2.078927,1.827645,2.071619,2.078927
28-06-2026-00-01-51,63.7,30.2,53201.0,16487.0,8798.0,0.0,500.0,14.0,0.0,0.044453,0.416415,1.335285,1.943402,1.753849,1.943402,1.943402
28-06-2026-00-01-52,63.9,30.2,52684.0,15988.0,8482.0,0.0,471.0,11.0,0.0,0.044021,0.404728,1.290616,1.835788,1.684984,1.835788,1.835788
28-06-2026-00-01-53,63.9,30.2,52174.0,15529.0,8190.0,0.0,446.0,9.0,0.0,0.043595,0.393934,1.249398,1.747123,1.622609,1.747123,1.747123
28-06-2026-00-01-54,63.8,30.2,51881.0,15254.0,7911.0,0.0,422.0,7.0,0.0,0.04335,0.387487,1.213781,1.66867,1.56675,1.66867,1.66867
28-06-2026-00-01-55,63.8,30.2,51812.0,15097.0,7648.0,0.0,400.0,6.0,0.0,0.043293,0.383891,1.182685,1.600443,1.516976,1.600443,1.600443
28-06-2026-00-01-56,63.8,30.2,50438.0,14503.0,7206.0,0.0,364.0,4.0,0.0,0.042144,0.369347,1.122019,1.49037,1.426271,1.49037,1.49037
28-06-2026-00-01-57,63.8,30.2,48216.0,13662.0,6666.0,0.0,321.0,3.0,0.0,0.040288,0.348503,1.044726,1.359389,1.313274,1.359389,1.359389
28-06-2026-00-01-58,63.8,30.2,46550.0,12951.0,6178.0,0.0,284.0,2.0,0.0,0.038896,0.331077,0.976384,1.247073,1.214332,1.247073,1.247073
28-06-2026-00-01-59,63.8,30.2,45156.0,12340.0,5740.0,0.0,254.0,1.0,0.0,0.037731,0.316135,0.915659,1.152002,1.128024,1.152002,1.152002
28-06-2026-00-02-00,63.7,30.2,44184.0,11887.0,5363.0,0.0,230.0,1.0,0.0,0.036919,0.305112,0.865264,1.076639,1.057741,1.076639,1.076639
28-06-2026-00-02-01,63.7,30.2,43334.0,11493.0,5021.0,0.0,210.0,1.0,0.0,0.036209,0.295491,0.81997,1.010932,0.995717,1.010932,1.010932
28-06-2026-00-02-02,63.9,30.2,41812.0,10880.0,4683.0,0.0,189.0,0.0,0.0,0.034937,0.280391,0.76951,0.940161,0.928172,0.940161,0.940161
28-06-2026-00-02-03,63.9,30.2,39926.0,10159.0,4356.0,0.0,170.0,0.0,0.0,0.033361,0.262569,0.717576,0.868641,0.85989,0.868641,0.868641
28-06-2026-00-02-04,63.8,30.2,38178.0,9503.0,4057.0,0.0,153.0,0.0,0.0,0.0319,0.246301,0.670065,0.805183,0.798275,0.805183,0.805183
28-06-2026-00-02-05,63.8,30.2,36469.0,8900.0,3781.0,0.0,138.0,0.0,0.0,0.030472,0.23126,0.626221,0.747474,0.74195,0.747474,0.747474
28-06-2026-00-02-06,64.0,30.2,35018.0,8511.0,3583.0,0.0,124.0,0.0,0.0,0.02926,0.221288,0.595514,0.704138,0.699528,0.704138,0.704138
28-06-2026-00-02-07,64.0,30.2,35243.0,8723.0,3528.0,0.0,115.0,0.0,0.0,0.029448,0.226254,0.594819,0.694123,0.691367,0.694123,0.694123
28-06-2026-00-02-08,63.7,30.2,35353.0,8891.0,3462.0,0.0,105.0,0.0,0.0,0.02954,0.23014,0.591723,0.682337,0.680038,0.682337,0.682337
28-06-2026-00-02-09,63.7,30.2,35407.0,9029.0,3397.0,0.0,96.0,0.0,0.0,0.029585,0.233291,0.588099,0.671306,0.669008,0.671306,0.671306
28-06-2026-00-02-10,63.9,30.2,35556.0,9334.0,3417.0,0.0,93.0,0.0,0.0,0.02971,0.240302,0.59726,0.681876,0.675425,0.681876,0.681876
28-06-2026-00-02-11,63.9,30.2,35984.0,10133.0,3669.0,0.0,103.0,1.0,0.0,0.030067,0.25869,0.641919,0.750129,0.727992,0.750129,0.750129
28-06-2026-00-02-12,63.9,30.2,37223.0,11155.0,4017.0,0.0,118.0,2.0,0.0,0.031102,0.282769,0.702328,0.836629,0.801119,0.836629,0.836629
28-06-2026-00-02-13,63.9,30.2,40249.0,12691.0,4513.0,0.0,143.0,3.0,0.0,0.033631,0.319956,0.791357,0.962428,0.911245,0.962428,0.962428
28-06-2026-00-02-14,63.7,30.2,43025.0,14073.0,4918.0,0.0,166.0,4.0,0.0,0.03595,0.353454,0.867192,1.071095,1.006527,1.071095,1.071095
28-06-2026-00-02-15,63.7,30.2,44266.0,14867.0,5171.0,0.0,184.0,5.0,0.0,0.036988,0.372396,0.912528,1.141348,1.066645,1.141348,1.141348
28-06-2026-00-02-16,63.8,30.2,46074.0,15807.0,5536.0,0.0,201.0,6.0,0.0,0.038498,0.395122,0.973384,1.223996,1.141901,1.223996,1.223996
28-06-2026-00-02-17,63.8,30.2,48319.0,16852.0,5962.0,0.0,217.0,6.0,0.0,0.040374,0.420567,1.04325,1.313489,1.225399,1.313489,1.313489
28-06-2026-00-02-18,64.0,30.2,50299.0,17620.0,6271.0,0.0,227.0,6.0,0.0,0.042028,0.439556,1.094585,1.372969,1.284879,1.372969,1.372969
28-06-2026-00-02-19,64.0,30.2,51847.0,17802.0,6323.0,0.0,223.0,5.0,0.0,0.043322,0.444941,1.105395,1.366143,1.292354,1.366143,1.366143
28-06-2026-00-02-20,63.9,30.2,52693.0,17762.0,6264.0,0.0,214.0,4.0,0.0,0.044028,0.444739,1.099023,1.340582,1.277868,1.340582,1.340582
28-06-2026-00-02-21,63.9,30.2,52414.0,17383.0,6064.0,0.0,195.0,3.0,0.0,0.043795,0.435973,1.069326,1.281401,1.232975,1.281401,1.281401
28-06-2026-00-02-22,63.8,30.2,52068.0,16940.0,5878.0,0.0,178.0,2.0,0.0,0.043506,0.425679,1.039631,1.226409,1.189057,1.226409,1.226409
28-06-2026-00-02-23,63.8,30.2,51515.0,16444.0,5698.0,0.0,162.0,2.0,0.0,0.043045,0.414037,1.009158,1.17485,1.145335,1.17485,1.17485
28-06-2026-00-02-24,63.7,30.2,51211.0,16080.0,5439.0,0.0,150.0,1.0,0.0,0.04279,0.405567,0.973693,1.121811,1.099217,1.121811,1.121811
28-06-2026-00-02-25,63.7,30.2,50711.0,15681.0,5127.0,0.0,138.0,1.0,0.0,0.042373,0.396146,0.931638,1.065116,1.047602,1.065116,1.065116
28-06-2026-00-02-26,63.8,30.2,50398.0,15371.0,4862.0,0.0,129.0,1.0,0.0,0.042111,0.388893,0.89669,1.018886,1.004598,1.018886,1.018886
28-06-2026-00-02-27,63.8,30.2,51034.0,15407.0,4748.0,0.0,122.0,0.0,0.0,0.042643,0.390237,0.886128,1.000213,0.988224,1.000213,1.000213
28-06-2026-00-02-28,63.9,30.2,51513.0,15397.0,4652.0,0.0,115.0,0.0,0.0,0.043042,0.390419,0.876378,0.983737,0.973132,0.983737,0.983737
28-06-2026-00-02-29,63.9,30.2,51121.0,15106.0,4531.0,0.0,107.0,0.0,0.0,0.042715,0.383508,0.856805,0.955671,0.946921,0.955671,0.955671
28-06-2026-00-02-30,63.7,30.2,50499.0,14781.0,4408.0,0.0,99.0,0.0,0.0,0.042195,0.375676,0.836145,0.926442,0.919533,0.926442,0.926442
28-06-2026-00-02-31,63.7,30.2,50957.0,14838.0,4382.0,0.0,97.0,0.0,0.0,0.042578,0.377325,0.835061,0.922702,0.916708,0.922702,0.922702
28-06-2026-00-02-32,63.9,30.2,51829.0,15042.0,4512.0,0.0,104.0,0.0,0.0,0.043307,0.382655,0.853916,0.945957,0.941347,0.945957,0.945957
28-06-2026-00-02-33,63.9,30.2,52348.0,15125.0,4625.0,0.0,110.0,0.0,0.0,0.04374,0.384974,0.868089,0.962849,0.960094,0.962849,0.962849
28-06-2026-00-02-34,63.9,30.2,52941.0,15217.0,4722.0,0.0,115.0,0.0,0.0,0.044236,0.387542,0.880711,0.979588,0.977289,0.979588,0.979588
28-06-2026-00-02-35,63.9,30.2,52945.0,15077.0,4699.0,0.0,120.0,0.0,0.0,0.044239,0.384381,0.875234,0.978153,0.975855,0.978153,0.978153
28-06-2026-00-02-36,63.9,30.2,53069.0,14993.0,4666.0,0.0,124.0,0.0,0.0,0.044342,0.382588,0.869989,0.975758,0.974387,0.975758,0.975758
28-06-2026-00-02-37,63.9,30.2,53955.0,15186.0,4657.0,0.0,130.0,0.0,0.0,0.045083,0.387695,0.874122,0.983063,0.983063,0.983063,0.983063
28-06-2026-00-02-38,63.8,30.2,54432.0,15275.0,4631.0,0.0,134.0,0.0,0.0,0.045481,0.390102,0.873855,0.985983,0.985983,0.985983,0.985983
28-06-2026-00-02-39,63.8,30.2,54306.0,15179.0,4530.0,0.0,133.0,0.0,0.0,0.045376,0.387831,0.861006,0.972338,0.972338,0.972338,0.972338
28-06-2026-00-02-40,63.8,30.2,53060.0,14697.0,4247.0,0.0,121.0,0.0,0.0,0.044336,0.375904,0.819477,0.920747,0.920747,0.920747,0.920747
28-06-2026-00-02-41,63.8,30.2,51843.0,14236.0,3977.0,0.0,110.0,0.0,0.0,0.043318,0.364503,0.779898,0.872049,0.872049,0.872049,0.872049
28-06-2026-00-02-42,63.8,30.2,50451.0,13749.0,3716.0,0.0,99.0,0.0,0.0,0.042155,0.352353,0.740536,0.823924,0.823924,0.823924,0.823924
28-06-2026-00-02-43,63.8,30.2,48776.0,13207.0,3458.0,0.0,89.0,0.0,0.0,0.040756,0.338715,0.699936,0.77459,0.77459,0.77459,0.77459
28-06-2026-00-02-44,63.9,30.2,47201.0,12706.0,3220.0,0.0,80.0,0.0,0.0,0.03944,0.326088,0.662391,0.729314,0.729314,0.729314,0.729314
28-06-2026-00-02-45,63.9,30.2,45674.0,12224.0,2995.0,0.0,71.0,0.0,0.0,0.038164,0.313945,0.626788,0.686599,0.686599,0.686599,0.686599
28-06-2026-00-02-46,64.0,30.2,44542.0,11882.0,2800.0,0.0,77.0,1.0,0.0,0.037218,0.305285,0.597765,0.675966,0.662592,0.675966,0.675966
28-06-2026-00-02-47,64.0,30.2,43056.0,11415.0,2613.0,0.0,90.0,2.0,0.0,0.035977,0.293515,0.566476,0.69148,0.641749,0.673106,0.69148
28-06-2026-00-02-48,63.8,30.2,41502.0,10930.0,2465.0,0.0,102.0,3.0,0.0,0.034678,0.281276,0.538743,0.686785,0.624137,0.66841,0.686785
28-06-2026-00-02-49,63.8,30.2,41460.0,10978.0,2531.0,0.0,124.0,4.0,0.0,0.034642,0.28231,0.546714,0.726897,0.650875,0.708522,0.726897
28-06-2026-00-02-50,63.8,30.2,41635.0,11095.0,2623.0,0.0,145.0,5.0,0.0,0.034789,0.285102,0.559096,0.766115,0.680873,0.747741,0.766115
28-06-2026-00-02-51,63.8,30.2,41797.0,11201.0,2707.0,0.0,163.0,5.0,0.0,0.034925,0.287635,0.570404,0.798995,0.707289,0.78062,0.798995
28-06-2026-00-02-52,63.8,30.2,41708.0,11214.0,2779.0,0.0,179.0,5.0,0.0,0.03485,0.287839,0.578109,0.823617,0.727771,0.805243,0.823617
28-06-2026-00-02-53,63.8,30.2,40944.0,10988.0,2831.0,0.0,191.0,6.0,0.0,0.034212,0.282121,0.577828,0.819044,0.737876,0.819044,0.819044
28-06-2026-00-02-54,63.8,30.2,40277.0,10799.0,2886.0,0.0,191.0,6.0,0.0,0.033654,0.277292,0.578719,0.842699,0.739004,0.824325,0.842699
28-06-2026-00-02-55,63.8,30.2,39864.0,10696.0,3159.0,0.0,196.0,7.0,0.0,0.033309,0.274628,0.604613,0.902232,0.769029,0.872791,0.902232
28-06-2026-00-02-56,63.9,30.2,39460.0,10588.0,3524.0,0.0,207.0,9.0,0.0,0.032972,0.271838,0.639902,0.987192,0.812904,0.939273,0.987192
28-06-2026-00-02-57,63.9,30.2,38826.0,10329.0,3718.0,0.0,212.0,12.0,0.0,0.032442,0.265477,0.6538,1.055691,0.831672,0.989397,1.055691
28-06-2026-00-02-58,63.8,30.2,39145.0,10388.0,3920.0,0.0,224.0,14.0,0.0,0.032708,0.267065,0.676536,1.142933,0.863997,1.05816,1.142933
28-06-2026-00-02-59,63.8,30.2,39439.0,10440.0,4106.0,0.0,234.0,16.0,0.0,0.032954,0.268502,0.69734,1.203667,0.892975,1.111586,1.203667
28-06-2026-00-03-00,63.9,30.2,39727.0,10493.0,4277.0,0.0,242.0,18.0,0.0,0.033195,0.269933,0.716634,1.243592,0.919498,1.155166,1.243592
28-06-2026-00-03-01,63.9,30.2,40477.0,10702.0,4462.0,0.0,254.0,19.0,0.0,0.033821,0.275259,0.741297,1.297583,0.953692,1.205502,1.297583
28-06-2026-00-03-02,63.9,30.2,41537.0,11020.0,4640.0,0.0,264.0,19.0,0.0,0.034707,0.283323,0.767983,1.332236,0.98926,1.240155,1.332236
28-06-2026-00-03-03,63.9,30.2,42161.0,11189.0,4574.0,0.0,261.0,17.0,0.0,0.035229,0.287664,0.765412,1.296166,0.983561,1.211393,1.296166
28-06-2026-00-03-04,63.7,30.2,42534.0,11278.0,4366.0,0.0,249.0,15.0,0.0,0.03554,0.289985,0.74604,1.228551,0.954687,1.154845,1.228551
28-06-2026-00-03-05,63.7,30.2,42112.0,11162.0,4163.0,0.0,231.0,12.0,0.0,0.035187,0.287021,0.721819,1.151872,0.915359,1.078165,1.151872
28-06-2026-00-03-06,63.9,30.2,41726.0,11088.0,4070.0,0.0,210.0,9.0,0.0,0.034865,0.28503,0.710187,1.078377,0.885757,1.008429,1.078377
28-06-2026-00-03-07,63.9,30.2,42325.0,11355.0,4118.0,0.0,193.0,7.0,0.0,0.035365,0.291555,0.721663,1.025041,0.88357,0.98088,1.025041
28-06-2026-00-03-08,63.8,30.2,43154.0,11694.0,4200.0,0.0,180.0,6.0,0.0,0.036058,0.299877,0.738578,0.98771,0.889095,0.969336,0.98771
28-06-2026-00-03-09,63.8,30.2,43417.0,11832.0,4246.0,0.0,164.0,4.0,0.0,0.036278,0.303227,0.746705,0.950724,0.883885,0.94707,0.950724
28-06-2026-00-03-10,63.8,30.2,42931.0,11704.0,4260.0,0.0,146.0,3.0,0.0,0.035872,0.299929,0.744871,0.913987,0.867415,0.913987,0.913987
28-06-2026-00-03-11,63.8,30.2,42447.0,11576.0,4271.0,0.0,131.0,2.0,0.0,0.035467,0.296629,0.742795,0.887661,0.852621,0.887661,0.887661
28-06-2026-00-03-12,63.8,30.2,42000.0,11459.0,4282.0,0.0,118.0,2.0,0.0,0.035094,0.293629,0.74092,0.867003,0.839799,0.867003,0.867003
28-06-2026-00-03-13,63.8,30.2,41218.0,11223.0,4243.0,0.0,106.0,1.0,0.0,0.03444,0.287639,0.730836,0.840951,0.819742,0.840951,0.840951
28-06-2026-00-03-14,63.9,30.2,39532.0,10666.0,4072.0,0.0,94.0,1.0,0.0,0.033032,0.273671,0.698976,0.793903,0.777761,0.793903,0.793903
28-06-2026-00-03-15,63.9,30.2,38318.0,10278.0,3931.0,0.0,84.0,0.0,0.0,0.032017,0.263892,0.674515,0.756231,0.744712,0.756231,0.756231
28-06-2026-00-03-16,63.8,30.2,37238.0,9941.0,3804.0,0.0,74.0,0.0,0.0,0.031115,0.255392,0.65278,0.723718,0.715425,0.723718,0.723718
28-06-2026-00-03-17,63.8,30.2,36239.0,9635.0,3688.0,0.0,67.0,0.0,0.0,0.030281,0.247665,0.63293,0.695077,0.689082,0.695077,0.695077
28-06-2026-00-03-18,63.8,30.2,35315.0,9358.0,3582.0,0.0,60.0,0.0,0.0,0.029508,0.240642,0.614817,0.670032,0.665422,0.670032,0.670032
28-06-2026-00-03-19,63.8,30.2,34536.0,9125.0,3489.0,0.0,55.0,0.0,0.0,0.028857,0.234738,0.599139,0.648367,0.645141,0.648367,0.648367
28-06-2026-00-03-20,63.9,30.2,34715.0,9108.0,3443.0,0.0,51.0,0.0,0.0,0.029007,0.234495,0.594119,0.639646,0.637348,0.639646,0.639646
28-06-2026-00-03-21,63.9,30.2,35240.0,9166.0,3415.0,0.0,49.0,0.0,0.0,0.029445,0.236252,0.593003,0.636494,0.634195,0.636494,0.636494
28-06-2026-00-03-22,63.8,30.2,35561.0,9163.0,3376.0,0.0,46.0,0.0,0.0,0.029714,0.236453,0.589055,0.63048,0.628182,0.63048,0.63048
28-06-2026-00-03-23,63.8,30.2,34565.0,8718.0,3192.0,0.0,42.0,0.0,0.0,0.028882,0.225566,0.559011,0.596866,0.594568,0.596866,0.596866
28-06-2026-00-03-24,63.9,30.2,33420.0,8243.0,2990.0,0.0,38.0,0.0,0.0,0.027924,0.213898,0.526257,0.558421,0.558421,0.558421,0.558421
28-06-2026-00-03-25,63.9,30.2,32857.0,7904.0,2823.0,0.0,35.0,0.0,0.0,0.027454,0.205785,0.500706,0.53045,0.53045,0.53045,0.53045
28-06-2026-00-03-26,63.8,30.2,32413.0,7612.0,2673.0,0.0,33.0,0.0,0.0,0.027084,0.198827,0.478084,0.505792,0.505792,0.505792,0.505792
28-06-2026-00-03-27,63.8,30.2,31928.0,7331.0,2533.0,0.0,30.0,0.0,0.0,0.026678,0.19208,0.456629,0.482506,0.482506,0.482506,0.482506
28-06-2026-00-03-28,63.8,30.2,30579.0,6884.0,2364.0,0.0,27.0,0.0,0.0,0.025551,0.180875,0.427808,0.450972,0.450972,0.450972,0.450972
28-06-2026-00-03-29,63.8,30.2,29149.0,6472.0,2215.0,0.0,24.0,0.0,0.0,0.024356,0.170369,0.401753,0.422171,0.422171,0.422171,0.422171
28-06-2026-00-03-30,63.8,30.2,29011.0,6667.0,2272.0,0.0,25.0,0.0,0.0,0.024241,0.174657,0.412049,0.437036,0.433353,0.437036,0.437036
28-06-2026-00-03-31,63.8,30.2,29363.0,7393.0,2553.0,0.0,36.0,1.0,0.0,0.024535,0.191343,0.45806,0.506893,0.488452,0.506893,0.506893
28-06-2026-00-03-32,63.8,30.2,29596.0,8034.0,2814.0,0.0,46.0,2.0,0.0,0.02473,0.205997,0.499915,0.567556,0.53851,0.567556,0.567556
28-06-2026-00-03-33,63.8,30.2,29314.0,8525.0,3034.0,0.0,53.0,2.0,0.0,0.024494,0.216838,0.533807,0.615348,0.578924,0.615348,0.615348
28-06-2026-00-03-34,64.0,30.2,28978.0,8957.0,3234.0,0.0,60.0,3.0,0.0,0.024213,0.226288,0.564078,0.65526,0.614683,0.65526,0.65526
28-06-2026-00-03-35,64.0,30.2,28743.0,9372.0,3427.0,0.0,66.0,3.0,0.0,0.024017,0.235466,0.593423,0.693495,0.649222,0.693495,0.693495
28-06-2026-00-03-36,63.9,30.2,29878.0,10185.0,3789.0,0.0,80.0,3.0,0.0,0.024966,0.254747,0.650509,0.766301,0.717875,0.766301,0.766301
28-06-2026-00-03-37,63.9,30.2,31275.0,11024.0,4167.0,0.0,95.0,3.0,0.0,0.026133,0.274838,0.710046,0.841604,0.789952,0.841604,0.841604
28-06-2026-00-03-38,63.8,30.2,31885.0,11375.0,4356.0,0.0,107.0,3.0,0.0,0.026642,0.283279,0.7383,0.878816,0.828091,0.878816,0.878816
28-06-2026-00-03-39,63.8,30.2,32042.0,11163.0,4307.0,0.0,108.0,2.0,0.0,0.026773,0.278622,0.728447,0.857534,0.818798,0.857534,0.857534
28-06-2026-00-03-40,63.8,30.2,32645.0,11111.0,4312.0,0.0,109.0,2.0,0.0,0.027277,0.277944,0.728355,0.84955,0.820034,0.84955,0.84955
28-06-2026-00-03-41,63.8,30.2,34593.0,11547.0,4500.0,0.0,115.0,1.0,0.0,0.028905,0.289421,0.759421,0.881302,0.85594,0.881302,0.881302
28-06-2026-00-03-42,63.8,30.2,36579.0,12008.0,4687.0,0.0,121.0,1.0,0.0,0.030564,0.301475,0.790993,0.915166,0.892115,0.915166,0.915166
28-06-2026-00-03-43,63.8,30.2,39012.0,12638.0,4881.0,0.0,127.0,1.0,0.0,0.032598,0.317724,0.827497,0.954506,0.933754,0.954506,0.954506
28-06-2026-00-03-44,63.8,30.2,40015.0,12809.0,4878.0,0.0,124.0,1.0,0.0,0.033435,0.322422,0.831923,0.954171,0.93573,0.954171,0.954171
28-06-2026-00-03-45,63.8,30.2,40421.0,12797.0,4809.0,0.0,118.0,1.0,0.0,0.033774,0.322486,0.824825,0.939464,0.923792,0.939464,0.939464
28-06-2026-00-03-46,63.7,30.2,40293.0,12626.0,4709.0,0.0,110.0,0.0,0.0,0.033667,0.318524,0.81038,0.915701,0.902798,0.915701,0.915701
28-06-2026-00-03-47,63.7,30.2,40097.0,12446.0,4611.0,0.0,103.0,0.0,0.0,0.033504,0.314304,0.795947,0.893436,0.882374,0.893436,0.893436
28-06-2026-00-03-48,63.7,30.2,39440.0,12116.0,4459.0,0.0,95.0,0.0,0.0,0.032955,0.306302,0.772053,0.860856,0.852106,0.860856,0.860856
28-06-2026-00-03-49,63.7,30.2,37442.0,11332.0,4137.0,0.0,84.0,0.0,0.0,0.031285,0.286945,0.719085,0.796384,0.789932,0.796384,0.796384
28-06-2026-00-03-50,63.9,30.2,35443.0,10563.0,3829.0,0.0,74.0,0.0,0.0,0.029615,0.267917,0.667821,0.734957,0.730347,0.734957,0.734957
28-06-2026-00-03-51,63.9,30.2,33611.0,9762.0,3539.0,0.0,65.0,0.0,0.0,0.028085,0.248326,0.618012,0.675076,0.672778,0.675076,0.675076
28-06-2026-00-03-52,63.7,30.2,32557.0,9143.0,3298.0,0.0,58.0,0.0,0.0,0.027204,0.233471,0.577996,0.629277,0.626978,0.629277,0.629277
28-06-2026-00-03-53,63.7,30.2,31944.0,8697.0,3087.0,0.0,53.0,0.0,0.0,0.026692,0.222907,0.545365,0.590141,0.589684,0.590141,0.590141
28-06-2026-00-03-54,63.9,30.2,32190.0,8584.0,2911.0,0.0,49.0,0.0,0.0,0.026897,0.220569,0.524674,0.565718,0.565718,0.565718,0.565718
28-06-2026-00-03-55,63.9,30.2,32827.0,8629.0,2801.0,0.0,46.0,0.0,0.0,0.02743,0.222109,0.514651,0.553099,0.553099,0.553099,0.553099
28-06-2026-00-03-56,63.8,30.2,34489.0,9051.0,2843.0,0.0,44.0,0.0,0.0,0.028818,0.233024,0.529962,0.566729,0.566729,0.566729,0.566729
28-06-2026-00-03-57,63.8,30.2,36085.0,9454.0,2889.0,0.0,42.0,0.0,0.0,0.030152,0.243451,0.545222,0.580659,0.580659,0.580659,0.580659
28-06-2026-00-03-58,63.8,30.2,37528.0,9813.0,2930.0,0.0,40.0,0.0,0.0,0.031357,0.252741,0.558793,0.592933,0.592933,0.592933,0.592933
28-06-2026-00-03-59,63.8,30.2,38589.0,10148.0,2952.0,0.0,38.0,0.0,0.0,0.032244,0.261189,0.569594,0.601964,0.601964,0.601964,0.601964
28-06-2026-00-04-00,63.8,30.2,39435.0,10519.0,2961.0,0.0,36.0,0.0,0.0,0.032951,0.270277,0.579579,0.609676,0.609676,0.609676,0.609676
28-06-2026-00-04-01,63.8,30.2,39855.0,10739.0,2959.0,0.0,33.0,0.0,0.0,0.033302,0.275592,0.584732,0.612557,0.612557,0.612557,0.612557
28-06-2026-00-04-02,63.9,30.2,39590.0,10703.0,2960.0,0.0,30.0,0.0,0.0,0.03308,0.27454,0.583768,0.609055,0.609055,0.609055,0.609055
28-06-2026-00-04-03,63.9,30.2,39913.0,10863.0,3034.0,0.0,27.0,0.0,0.0,0.03335,0.278439,0.59538,0.618572,0.618572,0.618572,0.618572
28-06-2026-00-04-04,63.8,30.2,39290.0,10679.0,2977.0,0.0,25.0,0.0,0.0,0.03283,0.27376,0.584758,0.605679,0.605679,0.605679,0.605679
28-06-2026-00-04-05,63.8,30.2,38656.0,10491.0,2917.0,0.0,22.0,0.0,0.0,0.0323,0.26899,0.573729,0.592643,0.592643,0.592643,0.592643
28-06-2026-00-04-06,63.8,30.2,38069.0,10320.0,2862.0,0.0,20.0,0.0,0.0,0.031809,0.264649,0.563657,0.58083,0.58083,0.58083,0.58083
28-06-2026-00-04-07,63.8,30.2,37307.0,10099.0,2828.0,0.0,19.0,0.0,0.0,0.031172,0.259019,0.554379,0.570932,0.570932,0.570932,0.570932
28-06-2026-00-04-08,63.8,30.2,37128.0,10088.0,2931.0,0.0,25.0,0.0,0.0,0.031023,0.258621,0.56478,0.585848,0.585848,0.585848,0.585848
28-06-2026-00-04-09,63.8,30.2,37159.0,10147.0,3050.0,0.0,30.0,0.0,0.0,0.031049,0.259969,0.578606,0.605397,0.604483,0.605397,0.605397
28-06-2026-00-04-10,63.8,30.2,37433.0,10284.0,3167.0,0.0,37.0,1.0,0.0,0.031278,0.263295,0.594081,0.646761,0.625123,0.643107,0.646761
28-06-2026-00-04-11,63.8,30.2,36839.0,10112.0,3159.0,0.0,42.0,2.0,0.0,0.030782,0.258929,0.588881,0.677852,0.624438,0.659478,0.677852
28-06-2026-00-04-12,63.8,30.2,36140.0,9905.0,3133.0,0.0,47.0,3.0,0.0,0.030197,0.253672,0.580899,0.684751,0.620261,0.666376,0.684751
28-06-2026-00-04-13,63.8,30.2,35664.0,9771.0,3117.0,0.0,51.0,4.0,0.0,0.0298,0.250251,0.575891,0.693092,0.618913,0.674718,0.693092
28-06-2026-00-04-14,63.9,30.2,36256.0,9989.0,3146.0,0.0,57.0,5.0,0.0,0.030294,0.25565,0.58422,0.727017,0.632051,0.70123,0.727017
28-06-2026-00-04-15,63.9,30.2,36834.0,10185.0,3152.0,0.0,61.0,6.0,0.0,0.030777,0.260565,0.589783,0.754284,0.640949,0.721189,0.754284
28-06-2026-00-04-16,63.8,30.2,36371.0,9998.0,3011.0,0.0,58.0,6.0,0.0,0.030391,0.255953,0.570455,0.725813,0.619349,0.707439,0.725813
28-06-2026-00-04-17,63.8,30.2,36149.0,9862.0,2874.0,0.0,55.0,7.0,0.0,0.030205,0.252705,0.552919,0.697426,0.599687,0.693772,0.697426
28-06-2026-00-04-18,63.6,30.2,35750.0,9673.0,2747.0,0.0,52.0,6.0,0.0,0.029872,0.248108,0.535092,0.660653,0.579028,0.660653,0.660653
28-06-2026-00-04-19,63.6,30.2,37155.0,10133.0,2874.0,0.0,50.0,5.0,0.0,0.031045,0.259653,0.559889,0.672589,0.602026,0.672589,0.672589
28-06-2026-00-04-20,63.9,30.2,39173.0,10862.0,3118.0,0.0,51.0,5.0,0.0,0.032732,0.277784,0.603461,0.71413,0.646335,0.71413,0.71413
28-06-2026-00-04-21,63.9,30.2,41400.0,12024.0,3599.0,0.0,65.0,6.0,0.0,0.034592,0.305854,0.681777,0.818888,0.736336,0.818888,0.818888
28-06-2026-00-04-22,63.9,30.2,44054.0,13349.0,4288.0,0.0,80.0,7.0,0.0,0.03681,0.337968,0.785857,0.949325,0.853399,0.949325,0.949325
28-06-2026-00-04-23,63.9,30.2,47521.0,14904.0,5109.0,0.0,108.0,9.0,0.0,0.039707,0.375952,0.909615,1.133554,0.999878,1.126246,1.133554
28-06-2026-00-04-24,63.9,30.2,50897.0,16401.0,5890.0,0.0,148.0,13.0,0.0,0.042528,0.412549,1.027771,1.353832,1.151908,1.324392,1.353832
28-06-2026-00-04-25,63.9,30.2,53620.0,17657.0,6588.0,0.0,182.0,15.0,0.0,0.044803,0.443148,1.131294,1.523169,1.283847,1.486316,1.523169
28-06-2026-00-04-26,63.9,30.2,55966.0,18736.0,7206.0,0.0,211.0,16.0,0.0,0.046763,0.469464,1.222147,1.657971,1.399281,1.621118,1.657971
28-06-2026-00-04-27,63.9,30.2,57065.0,19363.0,7610.0,0.0,244.0,18.0,0.0,0.047682,0.484527,1.279411,1.781287,1.483898,1.729713,1.781287
28-06-2026-00-04-28,63.8,30.2,57841.0,19811.0,7905.0,0.0,274.0,20.0,0.0,0.04833,0.49527,1.320871,1.869685,1.550645,1.814458,1.869685
28-06-2026-00-04-29,63.8,30.2,58234.0,19704.0,7917.0,0.0,288.0,19.0,0.0,0.048659,0.493184,1.320127,1.858851,1.560996,1.818344,1.858851
28-06-2026-00-04-30,63.8,30.2,57925.0,19231.0,7682.0,0.0,298.0,18.0,0.0,0.0484,0.48227,1.284612,1.799348,1.533773,1.780973,1.799348
28-06-2026-00-04-31,63.8,30.2,56959.0,18562.0,7291.0,0.0,294.0,16.0,0.0,0.047593,0.466356,1.22791,1.711991,1.474091,1.693616,1.711991
28-06-2026-00-04-32,63.9,30.2,55758.0,17832.0,6899.0,0.0,274.0,13.0,0.0,0.046589,0.4489,1.169487,1.577003,1.398554,1.573349,1.577003
28-06-2026-00-04-33,63.9,30.2,55216.0,17371.0,6559.0,0.0,258.0,11.0,0.0,0.046137,0.438032,1.123142,1.484151,1.338871,1.484151,1.484151
28-06-2026-00-04-34,63.8,30.2,55047.0,17066.0,6257.0,0.0,245.0,9.0,0.0,0.045996,0.431021,1.084534,1.415744,1.289375,1.415744,1.415744
28-06-2026-00-04-35,63.8,30.2,54346.0,16524.0,5901.0,0.0,226.0,7.0,0.0,0.04541,0.418201,1.034599,1.324646,1.223653,1.324646,1.324646
28-06-2026-00-04-36,63.8,30.2,53644.0,15925.0,5542.0,0.0,206.0,5.0,0.0,0.044823,0.404106,0.98292,1.233451,1.155509,1.233451,1.233451
28-06-2026-00-04-37,63.8,30.2,52786.0,15341.0,5202.0,0.0,188.0,4.0,0.0,0.044107,0.390204,0.933523,1.152981,1.091181,1.152981,1.152981
28-06-2026-00-04-38,63.9,30.2,51056.0,14581.0,4849.0,0.0,170.0,3.0,0.0,0.042661,0.371618,0.878054,1.067838,1.020339,1.067838,1.067838
28-06-2026-00-04-39,63.9,30.2,49184.0,13796.0,4520.0,0.0,170.0,4.0,0.0,0.041096,0.352337,0.824428,1.020015,0.966979,1.020015,1.020015
28-06-2026-00-04-40,63.8,30.2,47543.0,13113.0,4224.0,0.0,176.0,4.0,0.0,0.039726,0.335575,0.776813,1.002801,0.924439,0.98808,1.002801
28-06-2026-00-04-41,63.8,30.2,45508.0,12314.0,3941.0,0.0,180.0,5.0,0.0,0.038025,0.315834,0.727481,0.965288,0.878205,0.946914,0.965288
28-06-2026-00-04-42,63.9,30.2,44631.0,11905.0,3803.0,0.0,188.0,6.0,0.0,0.037292,0.305875,0.70308,0.956951,0.860177,0.938577,0.956951
28-06-2026-00-04-43,63.9,30.2,45561.0,12075.0,3760.0,0.0,203.0,7.0,0.0,0.03807,0.310501,0.703206,0.994852,0.873139,0.969065,0.994852
28-06-2026-00-04-44,63.8,30.2,46177.0,12202.0,3708.0,0.0,215.0,8.0,0.0,0.038584,0.313876,0.701199,1.022529,0.88152,0.989435,1.022529
28-06-2026-00-04-45,63.8,30.2,46797.0,12333.0,3663.0,0.0,226.0,8.0,0.0,0.039102,0.317337,0.700002,1.024182,0.889587,1.005808,1.024182
28-06-2026-00-04-46,63.8,30.2,47660.0,12542.0,3638.0,0.0,237.0,9.0,0.0,0.039823,0.322784,0.702756,1.041902,0.901312,1.023528,1.041902
28-06-2026-00-04-47,63.8,30.2,48218.0,12653.0,3599.0,0.0,228.0,8.0,0.0,0.040289,0.325745,0.701656,1.020111,0.892894,1.001736,1.020111
28-06-2026-00-04-48,63.8,30.2,48743.0,12737.0,3560.0,0.0,215.0,7.0,0.0,0.040728,0.328083,0.699908,0.975227,0.880228,0.975227,0.975227
28-06-2026-00-04-49,63.8,30.2,50213.0,13027.0,3540.0,0.0,207.0,6.0,0.0,0.041956,0.335857,0.70565,0.966287,0.879125,0.966287,0.966287
28-06-2026-00-04-50,63.7,30.2,51116.0,13135.0,3413.0,0.0,198.0,5.0,0.0,0.042711,0.339045,0.695575,0.938244,0.861229,0.938244,0.938244
28-06-2026-00-04-51,63.7,30.2,50112.0,12978.0,3345.0,0.0,190.0,5.0,0.0,0.041872,0.334658,0.684069,0.913707,0.843144,0.913707,0.913707
28-06-2026-00-04-52,63.8,30.2,49222.0,13260.0,3484.0,0.0,196.0,6.0,0.0,0.041129,0.340277,0.704176,0.950011,0.868386,0.950011,0.950011
28-06-2026-00-04-53,63.8,30.2,48349.0,13499.0,3608.0,0.0,201.0,6.0,0.0,0.040399,0.344958,0.721843,0.978671,0.890124,0.978671,0.978671
28-06-2026-00-04-54,63.9,30.2,47234.0,13620.0,3706.0,0.0,203.0,7.0,0.0,0.039467,0.346745,0.733847,0.995465,0.903692,0.995465,0.995465
28-06-2026-00-04-55,63.9,30.2,46155.0,13714.0,3793.0,0.0,204.0,7.0,0.0,0.038566,0.347974,0.744157,1.008221,0.915064,1.008221,1.008221
28-06-2026-00-04-56,63.8,30.2,45055.0,13786.0,3870.0,0.0,205.0,7.0,0.0,0.037646,0.34866,0.752919,1.018988,0.924447,1.018988,1.018988
28-06-2026-00-04-57,63.8,30.2,42999.0,13617.0,3918.0,0.0,202.0,7.0,0.0,0.035929,0.343132,0.752378,1.015026,0.921869,1.015026,1.015026
28-06-2026-00-04-58,63.9,30.2,40948.0,13425.0,3951.0,0.0,198.0,7.0,0.0,0.034215,0.337102,0.749827,1.008331,0.916101,1.008331,1.008331
28-06-2026-00-04-59,63.9,30.2,39355.0,13070.0,3848.0,0.0,186.0,6.0,0.0,0.032884,0.327743,0.729642,0.965639,0.885855,0.965639,0.965639
28-06-2026-00-05-00,63.9,30.2,37732.0,12288.0,3556.0,0.0,163.0,4.0,0.0,0.031528,0.308755,0.680193,0.872148,0.816813,0.872148,0.872148
28-06-2026-00-05-01,63.9,30.2,37430.0,11980.0,3452.0,0.0,152.0,3.0,0.0,0.031275,0.301559,0.66212,0.828785,0.789592,0.828785,0.828785
28-06-2026-00-05-02,63.8,30.2,37540.0,11831.0,3409.0,0.0,146.0,2.0,0.0,0.031367,0.298284,0.654408,0.805526,0.77648,0.805526,0.805526
28-06-2026-00-05-03,63.8,30.2,37643.0,11696.0,3371.0,0.0,140.0,1.0,0.0,0.031453,0.295335,0.647402,0.787495,0.764901,0.787495,0.787495
28-06-2026-00-05-04,63.8,30.2,37741.0,11576.0,3335.0,0.0,135.0,1.0,0.0,0.031535,0.292708,0.641061,0.772179,0.754665,0.772179,0.772179
28-06-2026-00-05-05,63.8,30.2,38510.0,11719.0,3319.0,0.0,133.0,1.0,0.0,0.032178,0.296564,0.643273,0.769716,0.754958,0.769716,0.769716
28-06-2026-00-05-06,63.8,30.2,38887.0,11751.0,3301.0,0.0,131.0,0.0,0.0,0.032493,0.297611,0.642461,0.764099,0.75211,0.764099,0.764099
28-06-2026-00-05-07,63.8,30.2,38737.0,11620.0,3276.0,0.0,128.0,0.0,0.0,0.032368,0.294524,0.636714,0.752958,0.743738,0.752958,0.752958
28-06-2026-00-05-08,63.9,30.2,38532.0,11480.0,3243.0,0.0,124.0,0.0,0.0,0.032196,0.291189,0.629971,0.741248,0.734339,0.741248,0.741248
28-06-2026-00-05-09,63.9,30.2,37144.0,10953.0,3050.0,0.0,112.0,0.0,0.0,0.031036,0.278157,0.596802,0.696263,0.691196,0.696263,0.696263
28-06-2026-00-05-10,63.9,30.2,35811.0,10473.0,2843.0,0.0,101.0,1.0,0.0,0.029923,0.266202,0.56321,0.663716,0.648044,0.663716,0.663716
28-06-2026-00-05-11,63.9,30.2,35908.0,10494.0,2814.0,0.0,100.0,2.0,0.0,0.030004,0.266771,0.560726,0.699016,0.644675,0.680642,0.699016
28-06-2026-00-05-12,63.8,30.2,36371.0,10640.0,2836.0,0.0,102.0,3.0,0.0,0.03039,0.270429,0.566722,0.721216,0.652116,0.702841,0.721216
28-06-2026-00-05-13,63.8,30.2,36189.0,10544.0,2850.0,0.0,102.0,4.0,0.0,0.030239,0.268131,0.565867,0.734796,0.651438,0.712768,0.734796
28-06-2026-00-05-14,63.9,30.2,37477.0,10955.0,3052.0,0.0,113.0,5.0,0.0,0.031315,0.278469,0.597234,0.804364,0.692337,0.76751,0.804364
28-06-2026-00-05-15,63.9,30.2,39511.0,11616.0,3309.0,0.0,128.0,6.0,0.0,0.033014,0.295076,0.640685,0.87199,0.747974,0.835137,0.87199
28-06-2026-00-05-16,63.9,30.2,41392.0,12214.0,3544.0,0.0,140.0,7.0,0.0,0.034586,0.310155,0.680339,0.922484,0.798044,0.893043,0.922484
28-06-2026-00-05-17,63.9,30.2,43200.0,12781.0,3764.0,0.0,152.0,8.0,0.0,0.036097,0.324439,0.71756,0.968169,0.844649,0.949795,0.968169
28-06-2026-00-05-18,63.8,30.2,45122.0,13379.0,3985.0,0.0,163.0,9.0,0.0,0.037702,0.339554,0.755837,1.049857,0.892664,1.020416,1.049857
28-06-2026-00-05-19,63.8,30.2,47080.0,13993.0,4216.0,0.0,170.0,11.0,0.0,0.039339,0.355039,0.795418,1.14008,0.937703,1.088507,1.14008
28-06-2026-00-05-20,63.8,30.2,49614.0,14805.0,4487.0,0.0,179.0,13.0,0.0,0.041456,0.375465,0.844148,1.240894,0.99381,1.1746,1.240894
28-06-2026-00-05-21,63.8,30.2,52444.0,15708.0,4766.0,0.0,189.0,16.0,0.0,0.043821,0.398209,0.896055,1.33942,1.054481,1.265713,1.33942
28-06-2026-00-05-22,63.8,30.2,53224.0,15893.0,4826.0,0.0,186.0,17.0,0.0,0.044472,0.403036,0.907123,1.369604,1.06307,1.28859,1.369604
28-06-2026-00-05-23,63.8,30.2,53103.0,15771.0,4808.0,0.0,179.0,17.0,0.0,0.044371,0.40018,0.902397,1.369391,1.052176,1.284618,1.369391
28-06-2026-00-05-24,63.8,30.2,52989.0,15660.0,4792.0,0.0,172.0,18.0,0.0,0.044276,0.397571,0.898072,1.342174,1.042482,1.279534,1.342174
28-06-2026-00-05-25,63.8,30.2,53063.0,15618.0,4789.0,0.0,168.0,18.0,0.0,0.044338,0.396688,0.896865,1.315836,1.03735,1.275329,1.315836
28-06-2026-00-05-26,63.8,30.2,,,,,,,,,,,,,,
28-06-2026-00-05-27,63.8,30.2,,,,,,,,,,,,,,
28-06-2026-00-05-28,63.7,30.2,,,,,,,,,,,,,,
28-06-2026-00-05-29,63.7,30.2,,,,,,,,,,,,,,
28-06-2026-00-05-30,63.8,30.2,,,,,,,,,,,,,,
28-06-2026-00-05-31,63.8,30.2,49718.0,14180.0,4872.0,0.0,156.0,4.0,0.0,0.041543,0.361457,0.870346,1.055662,1.001241,1.055662,1.055662
28-06-2026-00-05-32,63.8,30.2,49587.0,14110.0,4965.0,0.0,157.0,3.0,0.0,0.041433,0.359772,0.878353,1.053067,1.009721,1.053067,1.053067
28-06-2026-00-05-33,63.8,30.2,49219.0,13963.0,5034.0,0.0,156.0,2.0,0.0,0.041126,0.356138,0.881905,1.04588,1.012681,1.04588,1.04588
28-06-2026-00-05-34,63.8,30.2,49060.0,13894.0,5136.0,0.0,155.0,1.0,0.0,0.040993,0.354443,0.890912,1.04683,1.02101,1.04683,1.04683
28-06-2026-00-05-35,63.8,30.2,49614.0,14070.0,5333.0,0.0,153.0,1.0,0.0,0.041455,0.35889,0.9159,1.064775,1.044493,1.064775,1.064775
28-06-2026-00-05-36,63.9,30.2,49858.0,14134.0,5485.0,0.0,149.0,1.0,0.0,0.04166,0.36054,0.933476,1.07467,1.058528,1.07467,1.07467
28-06-2026-00-05-37,63.9,30.2,49822.0,14040.0,5541.0,0.0,146.0,0.0,0.0,0.04163,0.358373,0.937172,1.071558,1.059569,1.071558,1.071558
28-06-2026-00-05-38,63.8,30.2,50573.0,14095.0,5611.0,0.0,147.0,0.0,0.0,0.042258,0.360243,0.94632,1.078587,1.069366,1.078587,1.078587
28-06-2026-00-05-39,63.8,30.2,51302.0,14151.0,5677.0,0.0,148.0,0.0,0.0,0.042867,0.362127,0.955042,1.085735,1.078826,1.085735,1.085735
28-06-2026-00-05-40,63.8,30.2,51985.0,14210.0,5738.0,0.0,148.0,0.0,0.0,0.043437,0.364035,0.96336,1.093817,1.087822,1.093817,1.093817
28-06-2026-00-05-41,63.8,30.2,52641.0,14287.0,5798.0,0.0,149.0,0.0,0.0,0.043985,0.366306,0.971912,1.101781,1.09717,1.101781,1.101781
28-06-2026-00-05-42,64.0,30.2,52910.0,14242.0,5804.0,0.0,150.0,0.0,0.0,0.04421,0.365511,0.971725,1.101831,1.09722,1.101831,1.101831
28-06-2026-00-05-43,64.0,30.2,51978.0,13793.0,5634.0,0.0,147.0,0.0,0.0,0.043431,0.354619,0.943056,1.069726,1.066043,1.069726,1.069726
28-06-2026-00-05-44,64.0,30.2,49925.0,12976.0,5286.0,0.0,134.0,0.0,0.0,0.041716,0.334464,0.886594,1.001492,0.999194,1.001492,1.001492
28-06-2026-00-05-45,64.0,30.2,,,,,,,,,,,,,,
28-06-2026-00-05-46,63.8,30.2,47326.0,12053.0,4909.0,0.0,120.0,0.0,0.0,0.039544,0.311474,0.824232,0.927151,0.924853,0.927151,0.927151
28-06-2026-00-05-47,63.8,30.2,43887.0,10990.0,4505.0,0.0,103.0,0.0,0.0,0.036671,0.284616,0.755146,0.841957,0.841957,0.841957,0.841957
28-06-2026-00-05-48,63.8,30.2,41348.0,10253.0,4156.0,0.0,90.0,0.0,0.0,0.034549,0.265879,0.700018,0.775881,0.775881,0.775881,0.775881
28-06-2026-00-05-49,63.8,30.2,39210.0,9654.0,3844.0,0.0,79.0,0.0,0.0,0.032763,0.250558,0.652026,0.718831,0.718831,0.718831,0.718831
28-06-2026-00-05-50,63.9,30.2,37209.0,9088.0,3553.0,0.0,70.0,0.0,0.0,0.031091,0.236121,0.607282,0.666149,0.666149,0.666149,0.666149
28-06-2026-00-05-51,63.9,30.2,35354.0,8571.0,3287.0,0.0,62.0,0.0,0.0,0.029541,0.222918,0.566277,0.61824,0.61824,0.61824,0.61824
28-06-2026-00-05-52,63.9,30.2,33754.0,8265.0,3111.0,0.0,58.0,0.0,0.0,0.028204,0.214677,0.539654,0.59092,0.588164,0.59092,0.59092
28-06-2026-00-05-53,63.9,30.2,32613.0,8461.0,3148.0,0.0,63.0,0.0,0.0,0.027251,0.218132,0.546959,0.611237,0.599718,0.611237,0.611237
28-06-2026-00-05-54,63.9,30.2,31576.0,8663.0,3192.0,0.0,67.0,1.0,0.0,0.026384,0.221824,0.555284,0.630925,0.612027,0.630925,0.630925
28-06-2026-00-05-55,63.9,30.2,31629.0,9168.0,3381.0,0.0,79.0,1.0,0.0,0.026429,0.233261,0.586409,0.677987,0.652624,0.677987,0.677987
28-06-2026-00-05-56,63.7,30.2,32172.0,9779.0,3697.0,0.0,94.0,2.0,0.0,0.026882,0.247507,0.633709,0.745722,0.712523,0.745722,0.745722
28-06-2026-00-05-57,63.7,30.2,33548.0,10635.0,4146.0,0.0,113.0,3.0,0.0,0.028032,0.267977,0.701035,0.836242,0.795665,0.836242,0.836242
28-06-2026-00-05-58,63.8,30.2,35935.0,11789.0,4742.0,0.0,139.0,3.0,0.0,0.030026,0.295997,0.791321,0.955979,0.908022,0.955979,0.955979
28-06-2026-00-05-59,63.8,30.2,38713.0,13011.0,5356.0,0.0,167.0,4.0,0.0,0.032348,0.325898,0.885294,1.078417,1.024923,1.078417,1.078417
28-06-2026-00-06-00,63.9,30.2,42788.0,14487.0,6087.0,0.0,203.0,4.0,0.0,0.035753,0.362583,0.998411,1.224887,1.168168,1.224887,1.224887
28-06-2026-00-06-01,63.9,30.2,46397.0,15412.0,6590.0,0.0,227.0,3.0,0.0,0.038767,0.386468,1.074824,1.316063,1.264881,1.316063,1.316063
28-06-2026-00-06-02,63.8,30.2,49718.0,16225.0,7040.0,0.0,247.0,3.0,0.0,0.041543,0.407594,1.142931,1.397086,1.350044,1.397086,1.397086
28-06-2026-00-06-03,63.8,30.2,51740.0,16627.0,7303.0,0.0,258.0,3.0,0.0,0.043233,0.418348,1.181111,1.438744,1.396782,1.438744,1.438744
28-06-2026-00-06-04,64.0,30.2,52581.0,16655.0,7390.0,0.0,261.0,2.0,0.0,0.043935,0.41968,1.191531,1.445515,1.410005,1.445515,1.445515
28-06-2026-00-06-05,64.0,30.2,52670.0,16450.0,7343.0,0.0,261.0,2.0,0.0,0.04401,0.415135,1.182125,1.430115,1.400599,1.430115,1.430115
28-06-2026-00-06-06,63.9,30.2,51660.0,15895.0,7117.0,0.0,251.0,1.0,0.0,0.043165,0.401759,1.145159,1.378715,1.355194,1.378715,1.378715
28-06-2026-00-06-07,63.9,30.2,50156.0,15214.0,6843.0,0.0,237.0,1.0,0.0,0.041909,0.385144,1.099879,1.317628,1.29873,1.317628,1.317628
28-06-2026-00-06-08,63.9,30.2,47143.0,14066.0,6354.0,0.0,211.0,0.0,0.0,0.039391,0.356739,1.020362,1.209572,1.196669,1.209572,1.209572
28-06-2026-00-06-09,63.9,30.2,44324.0,13016.0,5895.0,0.0,186.0,0.0,0.0,0.037036,0.330687,0.946391,1.110823,1.102073,1.110823,1.110823
28-06-2026-00-06-10,63.9,30.2,42625.0,12378.0,5600.0,0.0,167.0,0.0,0.0,0.035616,0.314884,0.899758,1.046223,1.039772,1.046223,1.046223
28-06-2026-00-06-11,63.9,30.2,41389.0,11916.0,5380.0,0.0,153.0,0.0,0.0,0.034583,0.303425,0.865329,0.99809,0.99348,0.99809,0.99809
28-06-2026-00-06-12,63.9,30.2,42229.0,12183.0,5513.0,0.0,155.0,0.0,0.0,0.035285,0.310148,0.886026,1.020058,1.015918,1.020058,1.020058
28-06-2026-00-06-13,63.9,30.2,44784.0,13038.0,5960.0,0.0,169.0,0.0,0.0,0.03742,0.331563,0.954036,1.098325,1.096026,1.098325,1.098325
28-06-2026-00-06-14,63.9,30.2,48011.0,14117.0,6429.0,0.0,187.0,0.0,0.0,0.040116,0.358604,1.030127,1.188697,1.186398,1.188697,1.188697
28-06-2026-00-06-15,63.9,30.2,51200.0,15167.0,6875.0,0.0,205.0,0.0,0.0,0.042781,0.384957,1.103037,1.281399,1.274947,1.281399,1.281399
28-06-2026-00-06-16,63.8,30.2,55981.0,16765.0,7666.0,0.0,280.0,7.0,0.0,0.046776,0.424997,1.225735,1.622967,1.460319,1.553019,1.622967
28-06-2026-00-06-17,63.8,30.2,63145.0,19451.0,9134.0,0.0,431.0,21.0,1.0,0.052762,0.491597,1.445586,2.290927,1.806462,2.091941,2.290927
28-06-2026-00-06-18,63.9,30.2,70066.0,22397.0,10721.0,0.0,599.0,37.0,2.0,0.058545,0.563842,1.683608,2.950943,2.184262,2.670838,2.950943
28-06-2026-00-06-19,63.9,30.2,76262.0,25005.0,12140.0,0.0,755.0,49.0,3.0,0.063722,0.627852,1.895804,3.507843,2.527147,3.17606,3.507843
28-06-2026-00-06-20,63.9,30.2,80145.0,26744.0,13129.0,0.0,914.0,63.0,3.0,0.066966,0.670314,2.041553,4.023336,2.80562,3.632567,4.023336
28-06-2026-00-06-21,63.9,30.2,82495.0,27879.0,13842.0,0.0,1044.0,73.0,4.0,0.06893,0.697881,2.143548,4.400542,3.01588,3.976573,4.400542
28-06-2026-00-06-22,63.9,30.2,84390.0,28799.0,14540.0,0.0,1155.0,80.0,3.0,0.070513,0.720221,2.238877,4.626685,3.204156,4.261703,4.626685
28-06-2026-00-06-23,63.9,30.2,85944.0,29568.0,15165.0,0.0,1247.0,85.0,2.0,0.071812,0.738869,2.322732,4.726035,3.36482,4.482782,4.726035
28-06-2026-00-06-24,63.9,30.2,85597.0,29640.0,15355.0,0.0,1267.0,82.0,1.0,0.071522,0.740202,2.343983,4.649911,3.403451,4.480366,4.649911
28-06-2026-00-06-25,63.9,30.2,83602.0,28754.0,14832.0,0.0,1209.0,70.0,1.0,0.069854,0.718561,2.267707,4.328259,3.278723,4.20298,4.328259
28-06-2026-00-06-26,63.8,30.2,81158.0,27310.0,14015.0,0.0,1125.0,57.0,0.0,0.067813,0.683941,2.147748,3.90541,3.088242,3.84277,3.90541
28-06-2026-00-06-27,63.8,30.2,78768.0,25950.0,13251.0,0.0,1038.0,46.0,0.0,0.065816,0.651259,2.035281,3.545881,2.903038,3.51644,3.545881
28-06-2026-00-06-28,63.8,30.2,76286.0,24608.0,12513.0,0.0,923.0,34.0,0.0,0.063742,0.618903,1.92583,3.158009,2.697835,3.147047,3.158009
28-06-2026-00-06-29,63.8,30.2,73660.0,23283.0,11770.0,0.0,818.0,24.0,0.0,0.061548,0.58682,1.816142,2.826343,2.500274,2.826343,2.826343
28-06-2026-00-06-30,63.8,30.2,71621.0,22300.0,11194.0,0.0,732.0,18.0,0.0,0.059844,0.562943,1.732113,2.587527,2.34401,2.587527,2.587527
28-06-2026-00-06-31,63.8,30.2,70948.0,22304.0,11159.0,0.0,689.0,16.0,0.0,0.059282,0.562473,1.728014,2.524528,2.304532,2.524528,2.524528
28-06-2026-00-06-32,63.7,30.2,71245.0,22679.0,11342.0,0.0,661.0,16.0,0.0,0.05953,0.571182,1.755794,2.521,2.308854,2.521,2.521
28-06-2026-00-06-33,63.7,30.2,70310.0,22682.0,11444.0,0.0,626.0,15.0,0.0,0.058748,0.57047,1.765753,2.486178,2.289246,2.486178,2.486178
28-06-2026-00-06-34,63.8,30.2,68839.0,22503.0,11507.0,0.0,590.0,13.0,0.0,0.057519,0.565195,1.767068,2.442962,2.260788,2.442962,2.442962
28-06-2026-00-06-35,63.8,30.2,67477.0,22340.0,11565.0,0.0,560.0,13.0,0.0,0.056381,0.560374,1.768278,2.407926,2.236356,2.407926,2.407926
28-06-2026-00-06-36,64.0,30.2,66216.0,22191.0,11618.0,0.0,533.0,12.0,0.0,0.055328,0.555966,1.769391,2.38093,2.215368,2.38093,2.38093
28-06-2026-00-06-37,64.0,30.2,64489.0,21926.0,11609.0,0.0,511.0,12.0,0.0,0.053885,0.548552,1.761003,2.349576,2.188154,2.349576,2.349576
28-06-2026-00-06-38,63.8,30.2,62510.0,21914.0,11721.0,0.0,506.0,13.0,0.0,0.052231,0.546632,1.770786,2.36626,2.193777,2.36626,2.36626
28-06-2026-00-06-39,63.8,30.2,59946.0,21303.0,11447.0,0.0,480.0,12.0,0.0,0.050089,0.530688,1.72631,2.286781,2.127671,2.286781,2.286781
28-06-2026-00-06-40,63.8,30.2,56609.0,20357.0,10981.0,0.0,449.0,10.0,0.0,0.047301,0.506572,1.653442,2.16855,2.028807,2.16855,2.16855
28-06-2026-00-06-41,63.8,30.2,53772.0,19584.0,10566.0,0.0,423.0,9.0,0.0,0.04493,0.486754,1.590291,2.073077,1.94441,2.073077,2.073077
28-06-2026-00-06-42,63.9,30.2,51935.0,19148.0,10224.0,0.0,405.0,9.0,0.0,0.043395,0.475386,1.543264,2.007378,1.882394,2.007378,2.007378
28-06-2026-00-06-43,63.9,30.2,51298.0,19116.0,9953.0,0.0,394.0,9.0,0.0,0.042863,0.474142,1.513694,1.968014,1.8435,1.968014,1.968014
28-06-2026-00-06-44,63.9,30.2,52545.0,19710.0,9774.0,0.0,392.0,9.0,0.0,0.043905,0.488585,1.509438,1.965934,1.837267,1.965934,1.965934
28-06-2026-00-06-45,63.9,30.2,54343.0,20530.0,9680.0,0.0,396.0,10.0,0.0,0.045407,0.508571,1.519647,1.988932,1.850574,1.988932,1.988932
28-06-2026-00-06-46,63.9,30.2,55698.0,21095.0,9537.0,0.0,394.0,11.0,0.0,0.046539,0.522453,1.518595,1.994344,1.848607,1.994344,1.994344
28-06-2026-00-06-47,63.9,30.2,56884.0,21462.0,9375.0,0.0,388.0,10.0,0.0,0.04753,0.531719,1.510909,1.978843,1.835875,1.978843,1.978843
28-06-2026-00-06-48,63.8,30.2,59601.0,22290.0,9465.0,0.0,401.0,11.0,0.0,0.0498,0.552679,1.541278,2.025033,1.876985,2.025033,2.025033
28-06-2026-00-06-49,63.8,30.2,62216.0,23058.0,9567.0,0.0,414.0,11.0,0.0,0.051985,0.572179,1.571434,2.070247,1.918059,2.070247,2.070247
28-06-2026-00-06-50,63.8,30.2,63846.0,23488.0,9622.0,0.0,422.0,11.0,0.0,0.053348,0.583255,1.588238,2.09304,1.940852,2.09304,2.09304
28-06-2026-00-06-51,63.8,30.2,64293.0,23515.0,9631.0,0.0,423.0,11.0,0.0,0.053721,0.584232,1.590126,2.093326,1.944363,2.093326,2.093326
28-06-2026-00-06-52,63.8,30.2,62869.0,22917.0,9569.0,0.0,418.0,10.0,0.0,0.052531,0.569542,1.569021,2.061594,1.918626,2.061594,2.061594
28-06-2026-00-06-53,63.8,30.2,60869.0,22023.0,9398.0,0.0,405.0,9.0,0.0,0.05086,0.547704,1.529329,1.996506,1.867839,1.996506,1.996506
28-06-2026-00-06-54,63.8,30.2,58727.0,20757.0,8967.0,0.0,375.0,7.0,0.0,0.04907,0.517351,1.453931,1.865834,1.767596,1.865834,1.865834
28-06-2026-00-06-55,63.8,30.2,56327.0,19456.0,8487.0,0.0,344.0,5.0,0.0,0.047065,0.485995,1.372392,1.735455,1.659825,1.735455,1.735455
28-06-2026-00-06-56,63.8,30.2,52548.0,17801.0,7817.0,0.0,299.0,3.0,0.0,0.043908,0.445511,1.262015,1.564113,1.512003,1.564113,1.564113
28-06-2026-00-06-57,63.8,30.2,49772.0,16553.0,7336.0,0.0,259.0,2.0,0.0,0.041588,0.415028,1.181247,1.433962,1.398452,1.433962,1.433962
28-06-2026-00-06-58,63.9,30.2,47551.0,15534.0,6948.0,0.0,227.0,1.0,0.0,0.039732,0.390198,1.115913,1.330081,1.305646,1.330081,1.330081
28-06-2026-00-06-59,63.9,30.2,45495.0,14611.0,6593.0,0.0,198.0,1.0,0.0,0.038015,0.367652,1.056289,1.239015,1.222415,1.239015,1.239015
28-06-2026-00-07-00,63.8,30.2,43935.0,13900.0,6289.0,0.0,175.0,0.0,0.0,0.036711,0.350311,1.007213,1.166665,1.154219,1.166665,1.166665
28-06-2026-00-07-01,63.8,30.2,43733.0,13701.0,6080.0,0.0,160.0,0.0,0.0,0.036542,0.345641,0.980709,1.124705,1.115027,1.124705,1.124705
28-06-2026-00-07-02,63.9,30.2,44327.0,13781.0,5916.0,0.0,149.0,0.0,0.0,0.037038,0.347955,0.965877,1.099016,1.090723,1.099016,1.099016
28-06-2026-00-07-03,63.9,30.2,44916.0,13867.0,5767.0,0.0,139.0,0.0,0.0,0.03753,0.350388,0.952755,1.076455,1.069546,1.076455,1.076455
28-06-2026-00-07-04,64.0,30.2,45399.0,13924.0,5621.0,0.0,131.0,0.0,0.0,0.037934,0.352078,0.939217,1.055864,1.048956,1.055864,1.055864
28-06-2026-00-07-05,64.0,30.2,44775.0,13623.0,5324.0,0.0,121.0,0.0,0.0,0.037412,0.34475,0.900864,1.007466,1.002398,1.007466,1.007466
28-06-2026-00-07-06,63.9,30.2,44403.0,13432.0,5043.0,0.0,125.0,2.0,0.0,0.037102,0.340138,0.866852,1.019908,0.971603,0.99788,1.019908
28-06-2026-00-07-07,63.9,30.2,47482.0,14469.0,5052.0,0.0,208.0,12.0,1.0,0.039674,0.366097,0.893826,1.389824,1.067625,1.231345,1.389824
28-06-2026-00-07-08,63.9,30.2,50799.0,15569.0,5085.0,0.0,290.0,21.0,2.0,0.042446,0.393684,0.924809,1.675923,1.167479,1.443738,1.675923
28-06-2026-00-07-09,63.9,30.2,54329.0,16722.0,5159.0,0.0,361.0,27.0,2.0,0.045396,0.42265,0.961462,1.899291,1.263559,1.62284,1.899291
28-06-2026-00-07-10,63.7,30.2,58924.0,18245.0,5359.0,0.0,425.0,32.0,2.0,0.049235,0.460864,1.020584,2.094267,1.376415,1.799337,2.094267
28-06-2026-00-07-11,63.7,30.2,63297.0,19670.0,5543.0,0.0,481.0,35.0,3.0,0.052889,0.496664,1.075622,2.257425,1.477839,1.94412,2.257425
28-06-2026-00-07-12,63.8,30.2,67342.0,20964.0,5712.0,0.0,529.0,37.0,2.0,0.056269,0.529221,1.125795,2.351132,1.567818,2.063615,2.351132
28-06-2026-00-07-13,63.8,30.2,71085.0,22138.0,5866.0,0.0,569.0,39.0,1.0,0.059396,0.558834,1.171547,2.314399,1.64771,2.163332,2.314399
28-06-2026-00-07-14,63.8,30.2,73993.0,23006.0,5964.0,0.0,591.0,38.0,0.0,0.061826,0.580849,1.203805,2.278341,1.698233,2.204634,2.278341
28-06-2026-00-07-15,63.8,30.2,73802.0,22772.0,5868.0,0.0,532.0,28.0,0.0,0.061666,0.575409,1.188314,2.040625,1.632993,2.011184,2.040625
28-06-2026-00-07-16,63.9,30.2,76019.0,23386.0,6255.0,0.0,488.0,21.0,0.0,0.063519,0.591128,1.244461,1.939076,1.652313,1.928114,1.939076
28-06-2026-00-07-17,63.9,30.2,77276.0,23652.0,6655.0,0.0,456.0,15.0,0.0,0.064569,0.598178,1.293324,1.873615,1.674384,1.873615,1.873615
28-06-2026-00-07-18,63.9,30.2,76323.0,23147.0,6861.0,0.0,423.0,10.0,0.0,0.063773,0.585984,1.302562,1.795554,1.656269,1.795554,1.795554
28-06-2026-00-07-19,63.9,30.2,75292.0,22643.0,7048.0,0.0,394.0,7.0,0.0,0.062912,0.573759,1.309915,1.73896,1.639809,1.73896,1.73896
28-06-2026-00-07-20,63.8,30.2,74341.0,22187.0,7220.0,0.0,370.0,5.0,0.0,0.062116,0.562674,1.316773,1.697755,1.626277,1.697755,1.697755
28-06-2026-00-07-21,63.8,30.2,73461.0,21774.0,7377.0,0.0,349.0,4.0,0.0,0.061382,0.552623,1.323164,1.667737,1.615171,1.667737,1.667737
28-06-2026-00-07-22,63.8,30.2,72649.0,21400.0,7522.0,0.0,331.0,3.0,0.0,0.060703,0.543508,1.32912,1.646228,1.606108,1.646228,1.646228
28-06-2026-00-07-23,63.8,30.2,71832.0,21039.0,7583.0,0.0,316.0,2.0,0.0,0.060021,0.534662,1.326728,1.622266,1.590909,1.622266,1.622266
28-06-2026-00-07-24,63.9,30.2,68568.0,19837.0,7136.0,0.0,284.0,1.0,0.0,0.057293,0.504829,1.250195,1.509574,1.487907,1.509574,1.509574
28-06-2026-00-07-25,63.9,30.2,64648.0,18435.0,6567.0,0.0,246.0,1.0,0.0,0.054018,0.469924,1.155879,1.377631,1.361959,1.377631,1.377631
28-06-2026-00-07-26,63.8,30.2,61692.0,17395.0,6123.0,0.0,216.0,2.0,0.0,0.051548,0.443998,1.083588,1.307936,1.264204,1.300628,1.307936
28-06-2026-00-07-27,63.8,30.2,60159.0,16859.0,5897.0,0.0,191.0,4.0,0.0,0.050267,0.430625,1.046599,1.295384,1.206883,1.269597,1.295384
28-06-2026-00-07-28,63.8,30.2,58800.0,16393.0,5700.0,0.0,170.0,6.0,0.0,0.049131,0.418962,1.0143,1.276123,1.157174,1.23927,1.276123
28-06-2026-00-07-29,63.8,30.2,57542.0,15969.0,5519.0,0.0,153.0,7.0,0.0,0.04808,0.408341,0.984766,1.244105,1.11271,1.207251,1.244105
28-06-2026-00-07-30,63.8,30.2,56377.0,15583.0,5353.0,0.0,137.0,7.0,0.0,0.047107,0.398668,0.957776,1.212615,1.072914,1.175761,1.212615
28-06-2026-00-07-31,63.8,30.2,54823.0,15068.0,5190.0,0.0,123.0,8.0,0.0,0.045809,0.385745,0.927825,1.176326,1.031101,1.139472,1.176326
28-06-2026-00-07-32,63.9,30.2,52690.0,14361.0,5024.0,0.0,110.0,8.0,0.0,0.044026,0.36801,0.892803,1.122603,0.984748,1.096816,1.122603
28-06-2026-00-07-33,63.9,30.2,51264.0,13909.0,4887.0,0.0,98.0,8.0,0.0,0.042835,0.356633,0.8671,1.068301,0.94981,1.064647,1.068301
28-06-2026-00-07-34,63.8,30.2,50109.0,13553.0,4756.0,0.0,88.0,7.0,0.0,0.04187,0.347632,0.84439,1.013892,0.918424,1.013892,1.013892
28-06-2026-00-07-35,63.8,30.2,49222.0,13294.0,4636.0,0.0,79.0,5.0,0.0,0.041128,0.341053,0.825253,0.963063,0.891585,0.963063,0.963063
28-06-2026-00-07-36,63.8,30.2,48417.0,13065.0,4526.0,0.0,71.0,4.0,0.0,0.040455,0.335214,0.807965,0.923082,0.867746,0.923082,0.923082
28-06-2026-00-07-37,63.8,30.2,47678.0,12863.0,4427.0,0.0,64.0,3.0,0.0,0.039838,0.330041,0.792417,0.890837,0.846563,0.890837,0.890837
28-06-2026-00-07-38,63.8,30.2,46994.0,12681.0,4336.0,0.0,58.0,2.0,0.0,0.039267,0.325354,0.778243,0.863945,0.827521,0.863945,0.863945
28-06-2026-00-07-39,63.8,30.2,46365.0,12518.0,4253.0,0.0,54.0,2.0,0.0,0.038741,0.32116,0.765419,0.841982,0.810625,0.841982,0.841982
28-06-2026-00-07-40,63.8,30.2,45836.0,12396.0,4182.0,0.0,50.0,2.0,0.0,0.038299,0.317964,0.754773,0.824834,0.796703,0.824834,0.824834
28-06-2026-00-07-41,63.8,30.2,45696.0,12320.0,4163.0,0.0,47.0,1.0,0.0,0.038182,0.31614,0.750946,0.814655,0.79022,0.814655,0.814655
28-06-2026-00-07-42,63.8,30.2,45818.0,12323.0,4201.0,0.0,44.0,1.0,0.0,0.038284,0.316311,0.755063,0.81264,0.791888,0.81264,0.81264
28-06-2026-00-07-43,63.8,30.2,44585.0,11862.0,4060.0,0.0,40.0,1.0,0.0,0.037253,0.304874,0.728907,0.777185,0.762427,0.777185,0.777185
28-06-2026-00-07-44,63.9,30.2,43756.0,11556.0,3980.0,0.0,39.0,0.0,0.0,0.036561,0.297265,0.713017,0.756788,0.746183,0.756788,0.756788
28-06-2026-00-07-45,63.9,30.2,44119.0,11670.0,4080.0,0.0,47.0,0.0,0.0,0.036865,0.300151,0.726342,0.774646,0.766353,0.774646,0.774646
28-06-2026-00-07-46,63.8,30.2,44517.0,11796.0,4181.0,0.0,55.0,0.0,0.0,0.037197,0.303315,0.740043,0.793248,0.78634,0.793248,0.793248
28-06-2026-00-07-47,63.8,30.2,44883.0,11907.0,4273.0,0.0,61.0,0.0,0.0,0.037503,0.306147,0.752486,0.809707,0.804183,0.809707,0.809707
28-06-2026-00-07-48,63.8,30.2,45169.0,11984.0,4353.0,0.0,67.0,0.0,0.0,0.037742,0.308124,0.762828,0.823502,0.818892,0.823502,0.823502
28-06-2026-00-07-49,63.8,30.2,44521.0,11824.0,4365.0,0.0,70.0,0.0,0.0,0.037201,0.303972,0.759941,0.822786,0.819103,0.822786,0.822786
28-06-2026-00-07-50,63.9,30.2,43385.0,11521.0,4271.0,0.0,74.0,0.0,0.0,0.036251,0.296181,0.742321,0.806556,0.804257,0.806556,0.806556
28-06-2026-00-07-51,63.9,30.2,42641.0,11356.0,4192.0,0.0,77.0,0.0,0.0,0.03563,0.291837,0.729716,0.796753,0.794455,0.796753,0.796753
28-06-2026-00-07-52,63.9,30.2,41684.0,11110.0,4067.0,0.0,82.0,0.0,0.0,0.03483,0.28548,0.710291,0.785259,0.778807,0.785259,0.785259
28-06-2026-00-07-53,63.9,30.2,40010.0,10606.0,3799.0,0.0,90.0,1.0,0.0,0.033431,0.272703,0.669505,0.771528,0.74528,0.767874,0.771528
28-06-2026-00-07-54,64.0,30.2,38417.0,10133.0,3545.0,0.0,98.0,2.0,0.0,0.032101,0.260713,0.631001,0.765738,0.713238,0.747364,0.765738
28-06-2026-00-07-55,64.0,30.2,37207.0,10107.0,3484.0,0.0,114.0,4.0,0.0,0.031089,0.25911,0.623046,0.791034,0.718709,0.77266,0.791034
28-06-2026-00-07-56,64.0,30.2,36258.0,10342.0,3540.0,0.0,134.0,5.0,0.0,0.030297,0.263633,0.633363,0.838289,0.745669,0.819915,0.838289
28-06-2026-00-07-57,64.0,30.2,35383.0,10559.0,3591.0,0.0,151.0,6.0,0.0,0.029565,0.267793,0.642886,0.875438,0.769444,0.857063,0.875438
28-06-2026-00-07-58,63.8,30.2,34041.0,10576.0,3620.0,0.0,165.0,7.0,0.0,0.028444,0.267045,0.645155,0.899302,0.783161,0.880928,0.899302
28-06-2026-00-07-59,63.8,30.2,32447.0,10468.0,3634.0,0.0,176.0,7.0,0.0,0.027111,0.263286,0.642823,0.89801,0.790124,0.894356,0.89801
28-06-2026-00-08-00,63.9,30.2,30853.0,10331.0,3639.0,0.0,181.0,7.0,0.0,0.02578,0.258858,0.638993,0.893671,0.790367,0.893671,0.893671
28-06-2026-00-08-01,63.9,30.2,29032.0,10091.0,3625.0,0.0,171.0,6.0,0.0,0.024258,0.251916,0.630546,0.864149,0.774218,0.864149,0.864149
28-06-2026-00-08-02,63.8,30.2,27328.0,9867.0,3611.0,0.0,163.0,6.0,0.0,0.022835,0.245445,0.622592,0.83845,0.759123,0.83845,0.83845
28-06-2026-00-08-03,63.8,30.2,25597.0,9301.0,3430.0,0.0,146.0,4.0,0.0,0.021388,0.231221,0.589484,0.772181,0.712235,0.772181,0.772181
28-06-2026-00-08-04,63.9,30.2,24501.0,8773.0,3178.0,0.0,129.0,3.0,0.0,0.020473,0.21841,0.550384,0.7008,0.658381,0.7008,0.7008
28-06-2026-00-08-05,63.9,30.2,23808.0,8410.0,2979.0,0.0,115.0,2.0,0.0,0.019893,0.209638,0.520843,0.647939,0.617509,0.647939,0.647939
28-06-2026-00-08-06,63.8,30.2,25008.0,8680.0,2977.0,0.0,114.0,1.0,0.0,0.020896,0.216727,0.527703,0.648156,0.623721,0.648156,0.648156
28-06-2026-00-08-07,63.8,30.2,26746.0,9137.0,3021.0,0.0,117.0,1.0,0.0,0.022349,0.228492,0.544034,0.663297,0.642087,0.663297,0.663297
28-06-2026-00-08-08,64.0,30.2,29226.0,9853.0,3176.0,0.0,122.0,1.0,0.0,0.02442,0.246716,0.57852,0.700072,0.680704,0.700072,0.700072
28-06-2026-00-08-09,64.0,30.2,31803.0,10599.0,3356.0,0.0,127.0,1.0,0.0,0.026574,0.265707,0.616302,0.741206,0.722765,0.741206,0.741206
28-06-2026-00-08-10,63.9,30.2,34188.0,11276.0,3521.0,0.0,131.0,1.0,0.0,0.028567,0.282963,0.650775,0.779338,0.760897,0.779338,0.779338
28-06-2026-00-08-11,63.9,30.2,36286.0,11851.0,3668.0,0.0,135.0,1.0,0.0,0.03032,0.297686,0.680852,0.81132,0.793807,0.81132,0.81132
28-06-2026-00-08-12,63.9,30.2,37749.0,12194.0,3807.0,0.0,136.0,1.0,0.0,0.031542,0.306654,0.704323,0.833939,0.818724,0.833939,0.833939
28-06-2026-00-08-13,63.9,30.2,40001.0,12802.0,4081.0,0.0,145.0,1.0,0.0,0.033423,0.322253,0.748499,0.884166,0.870335,0.884166,0.884166
28-06-2026-00-08-14,64.0,30.2,40405.0,12792.0,4174.0,0.0,144.0,0.0,0.0,0.033761,0.322369,0.758396,0.889332,0.878727,0.889332,0.889332
28-06-2026-00-08-15,64.0,30.2,40430.0,12665.0,4224.0,0.0,140.0,0.0,0.0,0.033782,0.319517,0.760752,0.886248,0.877955,0.886248,0.886248
28-06-2026-00-08-16,63.9,30.2,40407.0,12535.0,4185.0,0.0,136.0,0.0,0.0,0.033763,0.316568,0.753731,0.874096,0.868102,0.874096,0.874096
28-06-2026-00-08-17,63.9,30.2,40147.0,12335.0,4114.0,0.0,133.0,0.0,0.0,0.033546,0.311825,0.741512,0.857425,0.852814,0.857425,0.857425
28-06-2026-00-08-18,63.8,30.2,39907.0,12152.0,4048.0,0.0,130.0,0.0,0.0,0.033345,0.307497,0.730324,0.841268,0.83897,0.841268,0.841268
28-06-2026-00-08-19,63.8,30.2,39717.0,11993.0,3989.0,0.0,127.0,0.0,0.0,0.033187,0.303761,0.720447,0.829237,0.826939,0.829237,0.829237
28-06-2026-00-08-20,63.9,30.2,39940.0,11924.0,3931.0,0.0,125.0,0.0,0.0,0.033373,0.302395,0.713051,0.820425,0.818127,0.820425,0.820425
28-06-2026-00-08-21,63.9,30.2,39118.0,11492.0,3708.0,0.0,115.0,0.0,0.0,0.032685,0.291951,0.679252,0.776951,0.776036,0.776951,0.776951
28-06-2026-00-08-22,63.8,30.2,38707.0,11208.0,3491.0,0.0,107.0,0.0,0.0,0.032342,0.28521,0.649865,0.73942,0.73942,0.73942,0.73942
28-06-2026-00-08-23,63.8,30.2,39326.0,11203.0,3320.0,0.0,101.0,0.0,0.0,0.03286,0.285611,0.632374,0.717444,0.717444,0.717444,0.717444
28-06-2026-00-08-24,63.8,30.2,39261.0,10949.0,3138.0,0.0,94.0,0.0,0.0,0.032805,0.279827,0.607578,0.686923,0.686923,0.686923,0.686923
28-06-2026-00-08-25,63.8,30.2,39992.0,10917.0,3002.0,0.0,91.0,1.0,0.0,0.033416,0.279712,0.593326,0.705752,0.669897,0.69479,0.705752
28-06-2026-00-08-26,63.8,30.2,40942.0,10964.0,2890.0,0.0,89.0,4.0,0.0,0.03421,0.281568,0.583467,0.7487,0.658416,0.715605,0.7487
28-06-2026-00-08-27,63.8,30.2,42529.0,11254.0,2800.0,0.0,89.0,6.0,0.0,0.035536,0.289437,0.58192,0.784553,0.656455,0.740392,0.784553
28-06-2026-00-08-28,63.9,30.2,44367.0,11656.0,2717.0,0.0,88.0,8.0,0.0,0.037072,0.300041,0.583857,0.822697,0.657714,0.76747,0.822697
28-06-2026-00-08-29,63.9,30.2,45963.0,11999.0,2636.0,0.0,87.0,9.0,0.0,0.038405,0.309117,0.584505,0.840398,0.657418,0.785171,0.840398
28-06-2026-00-08-30,63.8,30.2,46900.0,12139.0,2547.0,0.0,85.0,10.0,0.0,0.039188,0.313049,0.579139,0.844735,0.650222,0.789507,0.844735
28-06-2026-00-08-31,63.8,30.2,47046.0,12110.0,2627.0,0.0,89.0,12.0,0.0,0.039311,0.312527,0.586953,0.878285,0.661636,0.823058,0.878285
28-06-2026-00-08-32,64.0,30.2,48379.0,12540.0,3069.0,0.0,107.0,15.0,0.0,0.040424,0.323337,0.643873,0.985926,0.73331,0.930698,0.985926
28-06-2026-00-08-33,64.0,30.2,48836.0,12739.0,3449.0,0.0,119.0,15.0,0.0,0.040806,0.328214,0.688491,1.029555,0.788463,0.985394,1.029555
28-06-2026-00-08-34,63.8,30.2,48985.0,12844.0,3786.0,0.0,129.0,13.0,0.0,0.040931,0.330701,0.726131,1.053391,0.834364,1.016538,1.053391
28-06-2026-00-08-35,63.8,30.2,48382.0,12684.0,4080.0,0.0,136.0,12.0,0.0,0.040426,0.326579,0.752751,1.069918,0.867033,1.033065,1.069918
28-06-2026-00-08-36,63.8,30.2,46856.0,12256.0,4325.0,0.0,141.0,11.0,0.0,0.039152,0.315659,0.76739,1.070381,0.885479,1.033527,1.070381
28-06-2026-00-08-37,63.8,30.2,45411.0,11861.0,4550.0,0.0,145.0,10.0,0.0,0.037944,0.305529,0.780747,1.063634,0.902258,1.037847,1.063634
28-06-2026-00-08-38,63.9,30.2,44411.0,11605.0,4782.0,0.0,150.0,9.0,0.0,0.037109,0.298925,0.798427,1.057643,0.924394,1.053989,1.057643
28-06-2026-00-08-39,63.9,30.2,43220.0,11615.0,4976.0,0.0,156.0,9.0,0.0,0.036114,0.298162,0.81789,1.0724,0.948343,1.0724,1.0724
28-06-2026-00-08-40,63.9,30.2,40893.0,11402.0,4893.0,0.0,152.0,8.0,0.0,0.034169,0.291413,0.802474,1.034487,0.929798,1.034487,1.034487
28-06-2026-00-08-41,63.9,30.2,39061.0,11318.0,4825.0,0.0,150.0,7.0,0.0,0.032638,0.28799,0.791962,1.010939,0.917782,1.010939,1.010939
28-06-2026-00-08-42,63.8,30.2,37926.0,11434.0,4788.0,0.0,151.0,6.0,0.0,0.03169,0.289657,0.78976,1.005144,0.91614,1.005144,1.005144
28-06-2026-00-08-43,63.8,30.2,36875.0,11539.0,4754.0,0.0,151.0,6.0,0.0,0.030812,0.291132,0.787687,1.000834,0.914599,1.000834,1.000834
28-06-2026-00-08-44,63.9,30.2,35949.0,11652.0,4727.0,0.0,155.0,6.0,0.0,0.030038,0.292925,0.786684,1.003959,0.916339,1.003959,1.003959
28-06-2026-00-08-45,63.9,30.2,36457.0,12223.0,4885.0,0.0,184.0,8.0,0.0,0.030462,0.306231,0.816447,1.094495,0.971008,1.083533,1.094495
28-06-2026-00-08-46,63.8,30.2,37367.0,12890.0,5109.0,0.0,218.0,10.0,0.0,0.031222,0.322022,0.855703,1.190491,1.037912,1.172116,1.190491
28-06-2026-00-08-47,63.8,30.2,37911.0,13054.0,5135.0,0.0,236.0,10.0,0.0,0.031678,0.326193,0.862533,1.231229,1.060233,1.198134,1.231229
28-06-2026-00-08-48,64.0,30.2,38256.0,12930.0,5044.0,0.0,246.0,10.0,0.0,0.031966,0.323679,0.850537,1.226113,1.05644,1.18926,1.226113
28-06-2026-00-08-49,64.0,30.2,38481.0,12793.0,4969.0,0.0,257.0,9.0,0.0,0.032154,0.320769,0.839793,1.222041,1.054666,1.185188,1.222041
28-06-2026-00-08-50,63.9,30.2,38810.0,12650.0,4917.0,0.0,270.0,10.0,0.0,0.032429,0.317827,0.831371,1.225716,1.057427,1.188863,1.225716
28-06-2026-00-08-51,63.9,30.2,39281.0,12556.0,4877.0,0.0,283.0,10.0,0.0,0.032822,0.316087,0.825485,1.212931,1.062194,1.194557,1.212931
28-06-2026-00-08-52,63.9,30.2,39669.0,12449.0,4836.0,0.0,291.0,9.0,0.0,0.033146,0.314013,0.819143,1.19275,1.062698,1.19275,1.19275
28-06-2026-00-08-53,63.9,30.2,38771.0,11923.0,4633.0,0.0,271.0,7.0,0.0,0.032396,0.301393,0.78532,1.115655,1.01235,1.115655,1.115655
28-06-2026-00-08-54,63.9,30.2,38459.0,11639.0,4478.0,0.0,249.0,6.0,0.0,0.032135,0.294719,0.762431,1.051671,0.97096,1.051671,1.051671
28-06-2026-00-08-55,63.9,30.2,39175.0,11727.0,4381.0,0.0,233.0,5.0,0.0,0.032733,0.297302,0.754935,1.017082,0.950215,1.017082,1.017082
28-06-2026-00-08-56,63.9,30.2,39883.0,11822.0,4294.0,0.0,220.0,4.0,0.0,0.033325,0.300041,0.748578,0.990234,0.932587,0.990234,0.990234
28-06-2026-00-08-57,63.9,30.2,40248.0,11799.0,4189.0,0.0,204.0,3.0,0.0,0.03363,0.299835,0.737378,0.956859,0.908433,0.956859,0.956859
28-06-2026-00-08-58,64.0,30.2,40132.0,11683.0,4083.0,0.0,185.0,2.0,0.0,0.033533,0.297102,0.72361,0.915537,0.878642,0.915537,0.915537
28-06-2026-00-08-59,64.0,30.2,41840.0,12228.0,4260.0,0.0,171.0,2.0,0.0,0.03496,0.310845,0.755813,0.92903,0.899514,0.92903,0.92903
28-06-2026-00-09-00,63.9,30.2,43900.0,12905.0,4487.0,0.0,161.0,1.0,0.0,0.036682,0.327831,0.796469,0.955665,0.93123,0.955665,0.955665
28-06-2026-00-09-01,63.9,30.2,46545.0,13780.0,4810.0,0.0,153.0,1.0,0.0,0.038892,0.349791,0.852163,1.001951,0.980284,1.001951,1.001951
28-06-2026-00-09-02,63.9,30.2,48647.0,14463.0,5089.0,0.0,144.0,1.0,0.0,0.040648,0.366953,0.898469,1.062868,1.019568,1.037081,1.062868
28-06-2026-00-09-03,63.9,30.2,49730.0,14799.0,5317.0,0.0,134.0,1.0,0.0,0.041553,0.375437,0.930831,1.094513,1.043373,1.05766,1.094513
28-06-2026-00-09-04,63.9,30.2,51821.0,15491.0,5754.0,0.0,130.0,1.0,0.0,0.0433,0.392779,0.993757,1.177267,1.102609,1.118281,1.177267
28-06-2026-00-09-05,63.9,30.2,54695.0,16457.0,6566.0,0.0,146.0,3.0,0.0,0.045701,0.416983,1.102779,1.351586,1.224851,1.266813,1.351586
28-06-2026-00-09-06,63.9,30.2,58276.0,17660.0,7525.0,0.0,165.0,5.0,1.0,0.048693,0.447113,1.23306,1.545444,1.371214,1.438538,1.545444
28-06-2026-00-09-07,63.9,30.2,59779.0,18124.0,8152.0,0.0,178.0,6.0,1.0,0.049949,0.458839,1.310254,1.65033,1.45903,1.543424,1.65033
28-06-2026-00-09-08,63.9,30.2,60693.0,18366.0,8661.0,0.0,188.0,7.0,0.0,0.050713,0.465053,1.369666,1.707463,1.526764,1.62269,1.707463
28-06-2026-00-09-09,63.9,30.2,61443.0,18550.0,9133.0,0.0,196.0,8.0,0.0,0.05134,0.469847,1.423706,1.767063,1.588211,1.693357,1.767063
28-06-2026-00-09-10,63.9,30.2,61711.0,18566.0,9535.0,0.0,203.0,8.0,0.0,0.051564,0.47043,1.466285,1.814889,1.63607,1.748595,1.814889
28-06-2026-00-09-11,63.9,30.2,61819.0,18520.0,9884.0,0.0,208.0,8.0,0.0,0.051654,0.469469,1.501841,1.825679,1.675906,1.792584,1.825679
28-06-2026-00-09-12,63.8,30.2,60786.0,18077.0,9976.0,0.0,208.0,8.0,0.0,0.05079,0.458613,1.500582,1.804572,1.674558,1.789851,1.804572
28-06-2026-00-09-13,63.8,30.2,59303.0,17480.0,9697.0,0.0,201.0,8.0,0.0,0.049552,0.443902,1.456741,1.745329,1.624993,1.730609,1.745329
28-06-2026-00-09-14,63.9,30.2,57382.0,16740.0,9266.0,0.0,207.0,8.0,0.0,0.047947,0.42562,1.393444,1.706644,1.566977,1.677204,1.706644
28-06-2026-00-09-15,63.9,30.2,55435.0,16011.0,8841.0,0.0,212.0,8.0,0.0,0.04632,0.407532,1.330945,1.658517,1.508668,1.621663,1.658517
28-06-2026-00-09-16,63.9,30.2,53632.0,15348.0,8451.0,0.0,217.0,8.0,0.0,0.044813,0.39107,1.273794,1.607264,1.455117,1.570411,1.607264
28-06-2026-00-09-17,63.9,30.2,51875.0,14715.0,8073.0,0.0,225.0,8.0,0.0,0.043345,0.375316,1.218535,1.560103,1.407029,1.52325,1.560103
28-06-2026-00-09-18,63.8,30.2,50780.0,14328.0,7811.0,0.0,241.0,9.0,0.0,0.04243,0.365691,1.181524,1.538994,1.383621,1.502141,1.538994
28-06-2026-00-09-19,63.8,30.2,49779.0,13992.0,7573.0,0.0,255.0,9.0,0.0,0.041594,0.357258,1.148185,1.507776,1.362085,1.481989,1.507776
28-06-2026-00-09-20,63.8,30.2,49195.0,14023.0,7513.0,0.0,277.0,10.0,0.0,0.041106,0.357473,1.142137,1.516846,1.373978,1.505884,1.516846
28-06-2026-00-09-21,63.8,30.2,49296.0,14587.0,7679.0,0.0,300.0,10.0,0.0,0.04119,0.370288,1.172357,1.565314,1.423731,1.565314,1.565314
28-06-2026-00-09-22,63.9,30.2,48904.0,14934.0,7768.0,0.0,303.0,9.0,0.0,0.040863,0.377795,1.189144,1.572355,1.44276,1.572355,1.572355
28-06-2026-00-09-23,63.9,30.2,48541.0,15250.0,7849.0,0.0,305.0,9.0,0.0,0.04056,0.384616,1.204451,1.581774,1.460016,1.581774,1.581774
28-06-2026-00-09-24,63.9,30.2,48206.0,15537.0,7924.0,0.0,307.0,8.0,0.0,0.04028,0.390812,1.218437,1.591964,1.475743,1.591964,1.591964
28-06-2026-00-09-25,63.9,30.2,48210.0,15884.0,8023.0,0.0,307.0,8.0,0.0,0.040282,0.398637,1.236648,1.607023,1.49357,1.607023,1.607023
28-06-2026-00-09-26,63.8,30.2,48248.0,16161.0,8072.0,0.0,302.0,8.0,0.0,0.040315,0.404927,1.247973,1.614024,1.501029,1.614024,1.614024
28-06-2026-00-09-27,63.8,30.2,48299.0,16407.0,8116.0,0.0,298.0,8.0,0.0,0.040357,0.410512,1.258242,1.621018,1.508023,1.621018,1.621018
28-06-2026-00-09-28,63.9,30.2,48172.0,16353.0,8008.0,0.0,286.0,7.0,0.0,0.040251,0.409178,1.245555,1.588121,1.485274,1.588121,1.588121
28-06-2026-00-09-29,63.9,30.2,48461.0,16139.0,7715.0,0.0,265.0,6.0,0.0,0.040492,0.404607,1.210372,1.512507,1.431796,1.512507,1.512507
28-06-2026-00-09-30,63.9,30.2,48948.0,16021.0,7456.0,0.0,246.0,4.0,0.0,0.040899,0.402351,1.181121,1.452286,1.38726,1.452286,1.452286
28-06-2026-00-09-31,63.9,30.2,49605.0,15997.0,7397.0,0.0,240.0,5.0,0.0,0.041448,0.40236,1.175004,1.443231,1.376364,1.443231,1.443231
28-06-2026-00-09-32,63.9,30.2,50560.0,16113.0,7606.0,0.0,250.0,6.0,0.0,0.042246,0.405771,1.200172,1.509775,1.409734,1.495055,1.509775
28-06-2026-00-09-33,63.9,30.2,51198.0,16154.0,7689.0,0.0,258.0,7.0,0.0,0.042779,0.407236,1.210337,1.543549,1.42648,1.525174,1.543549
28-06-2026-00-09-34,63.9,30.2,50952.0,15947.0,7647.0,0.0,260.0,8.0,0.0,0.042574,0.402341,1.200998,1.554086,1.419029,1.524645,1.554086
28-06-2026-00-09-35,63.9,30.2,51012.0,15818.0,7627.0,0.0,264.0,8.0,0.0,0.042624,0.399495,1.196079,1.56607,1.417149,1.529217,1.56607
28-06-2026-00-09-36,63.9,30.2,51808.0,15892.0,7679.0,0.0,274.0,9.0,0.0,0.043289,0.401814,1.203872,1.592273,1.433204,1.555419,1.592273
28-06-2026-00-09-37,63.9,30.2,51511.0,15587.0,7696.0,0.0,281.0,9.0,0.0,0.043041,0.394692,1.198498,1.592413,1.433378,1.562972,1.592413
28-06-2026-00-09-38,63.8,30.2,50900.0,15193.0,7693.0,0.0,285.0,10.0,0.0,0.042531,0.385288,1.188814,1.58033,1.427294,1.561956,1.58033
28-06-2026-00-09-39,63.8,30.2,50291.0,14809.0,7537.0,0.0,279.0,9.0,0.0,0.042022,0.376122,1.163287,1.529499,1.396749,1.522191,1.529499
28-06-2026-00-09-40,63.8,30.2,50389.0,14677.0,7278.0,0.0,262.0,7.0,0.0,0.042103,0.373237,1.133447,1.456714,1.352482,1.456714,1.456714
28-06-2026-00-09-41,63.8,30.2,49871.0,14345.0,7023.0,0.0,243.0,6.0,0.0,0.041671,0.365305,1.098828,1.387221,1.30237,1.387221,1.387221
28-06-2026-00-09-42,63.8,30.2,49589.0,14076.0,6810.0,0.0,228.0,5.0,0.0,0.041435,0.358996,1.070301,1.333398,1.26145,1.333398,1.333398
28-06-2026-00-09-43,63.8,30.2,49998.0,13972.0,6655.0,0.0,218.0,4.0,0.0,0.041777,0.356995,1.052126,1.296858,1.234601,1.296858,1.296858
28-06-2026-00-09-44,63.9,30.2,49744.0,13691.0,6453.0,0.0,203.0,3.0,0.0,0.041564,0.35045,1.024459,1.244131,1.194333,1.244131,1.244131
28-06-2026-00-09-45,63.9,30.2,49081.0,13292.0,6222.0,0.0,186.0,2.0,0.0,0.041011,0.340899,0.990738,1.184433,1.146154,1.184433,1.184433
28-06-2026-00-09-46,63.9,30.2,48468.0,12930.0,6010.0,0.0,171.0,2.0,0.0,0.040498,0.33221,0.959908,1.13339,1.10296,1.13339,1.13339
28-06-2026-00-09-47,63.9,30.2,49820.0,13291.0,6107.0,0.0,171.0,1.0,0.0,0.041628,0.341479,0.979295,1.14768,1.122318,1.14768,1.14768
28-06-2026-00-09-48,63.9,30.2,52723.0,14205.0,6459.0,0.0,181.0,1.0,0.0,0.044054,0.364522,1.039128,1.212374,1.190708,1.212374,1.212374
28-06-2026-00-09-49,63.9,30.2,55503.0,15055.0,6784.0,0.0,190.0,1.0,0.0,0.046377,0.386027,1.094625,1.273569,1.254201,1.273569,1.273569
28-06-2026-00-09-50,64.0,30.2,58415.0,15889.0,7101.0,0.0,200.0,1.0,0.0,0.04881,0.407279,1.14892,1.332915,1.316316,1.332915,1.332915
28-06-2026-00-09-51,64.0,30.2,60520.0,16512.0,7351.0,0.0,205.0,1.0,0.0,0.050568,0.423081,1.190835,1.375912,1.362539,1.375912,1.375912
28-06-2026-00-09-52,63.9,30.2,62744.0,17118.0,7591.0,0.0,210.0,0.0,0.0,0.052427,0.438625,1.231458,1.418414,1.407352,1.418414,1.418414
28-06-2026-00-09-53,63.9,30.2,65004.0,17725.0,7820.0,0.0,215.0,0.0,0.0,0.054315,0.45421,1.270959,1.460116,1.450896,1.460116,1.460116
28-06-2026-00-09-54,63.9,30.2,67855.0,18546.0,8058.0,0.0,221.0,0.0,0.0,0.056697,0.475104,1.316748,1.510862,1.501642,1.510862,1.510862
28-06-2026-00-09-55,63.9,30.2,69668.0,18937.0,8002.0,0.0,215.0,0.0,0.0,0.058212,0.485449,1.32127,1.50838,1.501472,1.50838,1.50838
28-06-2026-00-09-56,63.8,30.2,69418.0,18531.0,7567.0,0.0,199.0,0.0,0.0,0.058003,0.476076,1.266383,1.438227,1.433159,1.438227,1.438227
28-06-2026-00-09-57,63.8,30.2,69424.0,18162.0,7158.0,0.0,185.0,0.0,0.0,0.058009,0.467748,1.215334,1.374976,1.370366,1.374976,1.374976
28-06-2026-00-09-58,63.8,30.2,68967.0,17694.0,6740.0,0.0,170.0,0.0,0.0,0.057626,0.456821,1.160841,1.305573,1.303274,1.305573,1.305573
28-06-2026-00-09-59,63.8,30.2,68145.0,17194.0,6336.0,0.0,156.0,0.0,0.0,0.05694,0.44485,1.106668,1.23939,1.237091,1.23939,1.23939
28-06-2026-00-10-00,63.8,30.2,66832.0,16634.0,5936.0,0.0,141.0,0.0,0.0,0.055842,0.431112,1.051139,1.171939,1.16964,1.171939,1.171939
28-06-2026-00-10-01,63.8,30.2,65415.0,16068.0,5561.0,0.0,129.0,0.0,0.0,0.054659,0.41716,0.997963,1.105753,1.105753,1.105753,1.105753
28-06-2026-00-10-02,63.9,30.2,63344.0,15284.0,5188.0,0.0,116.0,0.0,0.0,0.052928,0.397744,0.939632,1.036741,1.036741,1.036741,1.036741
28-06-2026-00-10-03,63.9,30.2,60169.0,14177.0,4806.0,0.0,102.0,0.0,0.0,0.050276,0.370118,0.87208,0.958005,0.958005,0.958005,0.958005
28-06-2026-00-10-04,63.8,30.2,57799.0,13459.0,4606.0,0.0,100.0,0.0,0.0,0.048295,0.351933,0.833064,0.916687,0.916687,0.916687,0.916687
28-06-2026-00-10-05,63.8,30.2,56747.0,13315.0,4646.0,0.0,104.0,0.0,0.0,0.047416,0.347803,0.833113,0.920838,0.920838,0.920838,0.920838
28-06-2026-00-10-06,63.9,30.2,55977.0,13328.0,4753.0,0.0,109.0,0.0,0.0,0.046773,0.34747,0.843914,0.935505,0.935505,0.935505,0.935505
28-06-2026-00-10-07,63.9,30.2,55270.0,13345.0,4850.0,0.0,113.0,0.0,0.0,0.046182,0.347259,0.853891,0.948757,0.948757,0.948757,0.948757
28-06-2026-00-10-08,63.8,30.2,54616.0,13361.0,4940.0,0.0,116.0,0.0,0.0,0.045635,0.347071,0.863034,0.960732,0.960732,0.960732,0.960732
28-06-2026-00-10-09,63.8,30.2,54011.0,13376.0,5022.0,0.0,119.0,0.0,0.0,0.04513,0.346904,0.871413,0.971591,0.971591,0.971591,0.971591
28-06-2026-00-10-10,63.8,30.2,53490.0,13404.0,5098.0,0.0,122.0,0.0,0.0,0.044695,0.347091,0.879555,0.981828,0.981828,0.981828,0.981828
28-06-2026-00-10-11,63.8,30.2,53684.0,13664.0,5190.0,0.0,125.0,0.0,0.0,0.044856,0.353126,0.895268,1.000462,1.000462,1.000462,1.000462
28-06-2026-00-10-12,63.9,30.2,52780.0,13509.0,5106.0,0.0,118.0,0.0,0.0,0.044101,0.348869,0.882159,0.981511,0.981511,0.981511,0.981511
28-06-2026-00-10-13,63.9,30.2,50405.0,12817.0,4791.0,0.0,104.0,0.0,0.0,0.042117,0.331282,0.831743,0.919292,0.919292,0.919292,0.919292
28-06-2026-00-10-14,63.9,30.2,48460.0,12263.0,4449.0,0.0,98.0,0.0,0.0,0.040492,0.317158,0.781898,0.870763,0.864312,0.870763,0.870763
28-06-2026-00-10-15,63.9,30.2,47091.0,11901.0,4157.0,0.0,110.0,2.0,0.0,0.039348,0.307844,0.742079,0.877658,0.834349,0.862937,0.877658
28-06-2026-00-10-16,63.8,30.2,45841.0,11578.0,3891.0,0.0,121.0,3.0,0.0,0.038304,0.299514,0.70592,0.87059,0.807485,0.852215,0.87059
28-06-2026-00-10-17,63.8,30.2,44729.0,11301.0,3648.0,0.0,131.0,4.0,0.0,0.037374,0.292326,0.673339,0.857109,0.782929,0.838735,0.857109
28-06-2026-00-10-18,63.8,30.2,44448.0,11312.0,3439.0,0.0,142.0,5.0,0.0,0.037139,0.292342,0.651587,0.863008,0.770354,0.837221,0.863008
28-06-2026-00-10-19,63.8,30.2,44870.0,11582.0,3412.0,0.0,162.0,6.0,0.0,0.037492,0.298803,0.655171,0.906319,0.79061,0.869466,0.906319
28-06-2026-00-10-20,64.0,30.2,46112.0,12466.0,3730.0,0.0,200.0,8.0,0.0,0.03853,0.319775,0.709355,1.012988,0.877017,0.983547,1.012988
28-06-2026-00-10-21,64.0,30.2,48866.0,14384.0,4610.0,0.0,270.0,11.0,0.0,0.040831,0.365345,0.846911,1.219912,1.072791,1.219912,1.219912
28-06-2026-00-10-22,63.8,30.2,49908.0,15151.0,5061.0,0.0,280.0,10.0,0.0,0.041702,0.383521,0.912164,1.286918,1.146719,1.286918,1.286918
28-06-2026-00-10-23,63.8,30.2,50855.0,15841.0,5473.0,0.0,288.0,10.0,0.0,0.042493,0.399873,0.971518,1.347463,1.212801,1.347463,1.347463
28-06-2026-00-10-24,63.8,30.2,51687.0,16450.0,5849.0,0.0,295.0,9.0,0.0,0.043188,0.414323,1.025255,1.402754,1.272233,1.402754,1.402754
28-06-2026-00-10-25,63.8,30.2,51699.0,16735.0,6180.0,0.0,298.0,9.0,0.0,0.043198,0.42075,1.066215,1.440451,1.315937,1.440451,1.440451
28-06-2026-00-10-26,64.0,30.2,50857.0,16640.0,6327.0,0.0,292.0,9.0,0.0,0.042495,0.417911,1.07876,1.441616,1.323554,1.441616,1.441616
28-06-2026-00-10-27,64.0,30.2,49170.0,15886.0,6121.0,0.0,267.0,7.0,0.0,0.041085,0.399491,1.038848,1.355259,1.262102,1.355259,1.355259
28-06-2026-00-10-28,63.8,30.2,47328.0,14995.0,5829.0,0.0,239.0,5.0,0.0,0.039546,0.377855,0.98667,1.257692,1.186672,1.257692,1.257692
28-06-2026-00-10-29,63.8,30.2,44630.0,13849.0,5404.0,0.0,210.0,3.0,0.0,0.037291,0.349725,0.914148,1.14031,1.090042,1.14031,1.14031
28-06-2026-00-10-30,63.8,30.2,42705.0,13005.0,5094.0,0.0,186.0,2.0,0.0,0.035683,0.329083,0.861182,1.054053,1.017158,1.054053,1.054053
28-06-2026-00-10-31,63.8,30.2,42830.0,12882.0,5081.0,0.0,170.0,2.0,0.0,0.035788,0.326427,0.857099,1.028415,0.999826,1.028415,1.028415
28-06-2026-00-10-32,63.9,30.2,43758.0,12986.0,5129.0,0.0,159.0,1.0,0.0,0.036563,0.329548,0.865254,1.022695,0.998716,1.022695,1.022695
28-06-2026-00-10-33,63.9,30.2,45458.0,13367.0,5208.0,0.0,152.0,1.0,0.0,0.037983,0.339551,0.883544,1.031931,1.010722,1.031931,1.031931
28-06-2026-00-10-34,63.9,30.2,46779.0,13656.0,5260.0,0.0,143.0,1.0,0.0,0.039087,0.347181,0.896604,1.033652,1.016138,1.033652,1.033652
28-06-2026-00-10-35,63.9,30.2,47838.0,13872.0,5298.0,0.0,134.0,1.0,0.0,0.039972,0.35294,0.906294,1.03321,1.018452,1.03321,1.03321
28-06-2026-00-10-36,63.8,30.2,48818.0,14068.0,5332.0,0.0,126.0,0.0,0.0,0.040791,0.358176,0.915126,1.033814,1.020911,1.033814,1.033814
28-06-2026-00-10-37,63.8,30.2,49725.0,14245.0,5364.0,0.0,120.0,0.0,0.0,0.041549,0.362938,0.923186,1.03503,1.023511,1.03503,1.03503
28-06-2026-00-10-38,63.9,30.2,49855.0,14173.0,5291.0,0.0,113.0,0.0,0.0,0.041657,0.361407,0.914098,1.018657,1.008522,1.018657,1.018657
28-06-2026-00-10-39,63.9,30.2,48580.0,13650.0,5031.0,0.0,104.0,0.0,0.0,0.040592,0.348544,0.874074,0.969223,0.961387,0.969223,0.969223
28-06-2026-00-10-40,63.8,30.2,48666.0,13682.0,5047.0,0.0,105.0,0.0,0.0,0.040664,0.349345,0.876557,0.970602,0.964607,0.970602,0.970602
28-06-2026-00-10-41,63.8,30.2,48127.0,13505.0,5063.0,0.0,105.0,0.0,0.0,0.040214,0.34489,0.873728,0.966154,0.962014,0.966154,0.966154
28-06-2026-00-10-42,63.9,30.2,47846.0,13422.0,5112.0,0.0,107.0,0.0,0.0,0.039978,0.342787,0.87673,0.969263,0.966964,0.969263,0.969263
28-06-2026-00-10-43,63.9,30.2,48796.0,13771.0,5347.0,0.0,120.0,0.0,0.0,0.040773,0.351455,0.909936,1.013209,1.010911,1.013209,1.013209
28-06-2026-00-10-44,63.9,30.2,50593.0,14409.0,5717.0,0.0,136.0,0.0,0.0,0.042274,0.367344,0.96446,1.081011,1.078713,1.081011,1.081011
28-06-2026-00-10-45,63.9,30.2,53085.0,15277.0,6196.0,0.0,152.0,0.0,0.0,0.044356,0.389008,1.036221,1.165183,1.163811,1.165183,1.165183
28-06-2026-00-10-46,63.9,30.2,55384.0,16056.0,6634.0,0.0,166.0,0.0,0.0,0.046277,0.408516,1.101457,1.240318,1.240318,1.240318,1.240318
28-06-2026-00-10-47,63.9,30.2,57043.0,16596.0,6963.0,0.0,175.0,0.0,0.0,0.047663,0.42209,1.149405,1.296234,1.296234,1.296234,1.296234
28-06-2026-00-10-48,63.7,30.2,57073.0,16509.0,6987.0,0.0,175.0,0.0,0.0,0.047688,0.420133,1.149949,1.296425,1.296425,1.296425,1.296425
28-06-2026-00-10-49,63.7,30.2,57402.0,16516.0,7003.0,0.0,175.0,0.0,0.0,0.047963,0.420578,1.151998,1.298355,1.298355,1.298355,1.298355
28-06-2026-00-10-50,64.0,30.2,57776.0,16546.0,7000.0,0.0,173.0,0.0,0.0,0.048276,0.421559,1.152662,1.297898,1.297898,1.297898,1.297898
28-06-2026-00-10-51,64.0,30.2,56925.0,16162.0,6807.0,0.0,161.0,0.0,0.0,0.047565,0.412199,1.123164,1.258426,1.258426,1.258426,1.258426
28-06-2026-00-10-52,63.8,30.2,55224.0,15497.0,6476.0,0.0,146.0,0.0,0.0,0.046143,0.39577,1.072154,1.194846,1.194846,1.194846,1.194846
28-06-2026-00-10-53,63.8,30.2,52821.0,14606.0,6032.0,0.0,131.0,0.0,0.0,0.044136,0.373657,1.003665,1.113639,1.113639,1.113639,1.113639
28-06-2026-00-10-54,63.9,30.2,50591.0,13792.0,5624.0,0.0,118.0,0.0,0.0,0.042272,0.353421,0.940848,1.039875,1.039875,1.039875,1.039875
28-06-2026-00-10-55,63.9,30.2,48483.0,13035.0,5247.0,0.0,107.0,0.0,0.0,0.040511,0.334598,0.882619,0.972175,0.972175,0.972175,0.972175
28-06-2026-00-10-56,63.8,30.2,45961.0,12207.0,4864.0,0.0,95.0,0.0,0.0,0.038404,0.3138,0.821829,0.90141,0.90141,0.90141,0.90141
28-06-2026-00-10-57,63.8,30.2,43504.0,11382.0,4503.0,0.0,84.0,0.0,0.0,0.036351,0.293138,0.763506,0.833822,0.833822,0.833822,0.833822
28-06-2026-00-10-58,63.9,30.2,40972.0,10511.0,4159.0,0.0,73.0,0.0,0.0,0.034235,0.271374,0.705789,0.767371,0.767371,0.767371,0.767371
28-06-2026-00-10-59,63.9,30.2,38617.0,9710.0,3844.0,0.0,64.0,0.0,0.0,0.032267,0.251346,0.652877,0.706905,0.706905,0.706905,0.706905
28-06-2026-00-11-00,64.0,30.2,36441.0,8988.0,3557.0,0.0,56.0,0.0,0.0,0.030449,0.233233,0.604756,0.652322,0.652322,0.652322,0.652322
28-06-2026-00-11-01,64.0,30.2,34428.0,8333.0,3294.0,0.0,50.0,0.0,0.0,0.028767,0.216775,0.560831,0.602879,0.602879,0.602879,0.602879
28-06-2026-00-11-02,63.9,30.2,32564.0,7739.0,3053.0,0.0,44.0,0.0,0.0,0.02721,0.201817,0.520719,0.558046,0.558046,0.558046,0.558046
28-06-2026-00-11-03,63.9,30.2,31517.0,7438.0,2849.0,0.0,40.0,0.0,0.0,0.026335,0.194149,0.491708,0.525494,0.525494,0.525494,0.525494
28-06-2026-00-11-04,64.0,30.2,30994.0,7324.0,2673.0,0.0,37.0,0.0,0.0,0.025898,0.191147,0.47036,0.501342,0.501342,0.501342,0.501342
28-06-2026-00-11-05,64.0,30.2,30098.0,7139.0,2494.0,0.0,33.0,0.0,0.0,0.025149,0.186226,0.44678,0.474635,0.474635,0.474635,0.474635
28-06-2026-00-11-06,63.9,30.2,28992.0,6909.0,2317.0,0.0,29.0,0.0,0.0,0.024225,0.180102,0.422178,0.446816,0.446816,0.446816,0.446816
28-06-2026-00-11-07,63.9,30.2,27967.0,6699.0,2155.0,0.0,26.0,0.0,0.0,0.023368,0.174506,0.399642,0.421595,0.421595,0.421595,0.421595
28-06-2026-00-11-08,63.9,30.2,27013.0,6503.0,2006.0,0.0,23.0,0.0,0.0,0.022571,0.169292,0.378815,0.398438,0.398438,0.398438,0.398438
28-06-2026-00-11-09,63.9,30.2,26130.0,6326.0,1869.0,0.0,21.0,0.0,0.0,0.021834,0.164554,0.359792,0.377467,0.377467,0.377467,0.377467
28-06-2026-00-11-10,64.0,30.2,25314.0,6165.0,1744.0,0.0,19.0,0.0,0.0,0.021152,0.160253,0.342416,0.35835,0.35835,0.35835,0.35835
28-06-2026-00-11-11,64.0,30.2,23883.0,5783.0,1613.0,0.0,16.0,0.0,0.0,0.019956,0.150422,0.318931,0.332947,0.332947,0.332947,0.332947
28-06-2026-00-11-12,63.8,30.2,22113.0,5276.0,1482.0,0.0,14.0,0.0,0.0,0.018477,0.137524,0.292343,0.304322,0.304322,0.304322,0.304322
28-06-2026-00-11-13,63.8,30.2,20816.0,4923.0,1366.0,0.0,12.0,0.0,0.0,0.017394,0.128459,0.271162,0.281607,0.281607,0.281607,0.281607
28-06-2026-00-11-14,64.0,30.2,20201.0,4797.0,1272.0,0.0,11.0,0.0,0.0,0.01688,0.125103,0.257958,0.267311,0.267311,0.267311,0.267311
28-06-2026-00-11-15,64.0,30.2,,,,,,,,,,,,,,
28-06-2026-00-11-16,63.9,30.2,19911.0,4799.0,1129.0,0.0,9.0,0.0,0.0,0.016637,0.12491,0.242887,0.25106,0.25106,0.25106,0.25106
28-06-2026-00-11-17,63.9,30.2,,,,,,,,,,,,,,
28-06-2026-00-11-18,63.9,30.2,20159.0,4907.0,1021.0,0.0,9.0,0.0,0.0,0.016844,0.127559,0.234209,0.248642,0.241733,0.248642,0.248642
28-06-2026-00-11-19,63.9,30.2,,,,,,,,,,,,,,
28-06-2026-00-11-20,63.7,30.2,20972.0,5113.0,990.0,0.0,9.0,2.0,0.0,0.017524,0.132875,0.236302,0.294573,0.243914,0.276199,0.294573
28-06-2026-00-11-21,63.7,30.2,21737.0,5302.0,962.0,0.0,9.0,3.0,0.0,0.018163,0.137787,0.238306,0.325687,0.245978,0.296246,0.325687
28-06-2026-00-11-22,63.8,30.2,22086.0,5350.0,929.0,0.0,9.0,4.0,0.0,0.018454,0.13916,0.236265,0.342988,0.243877,0.306134,0.342988
28-06-2026-00-11-23,63.8,30.2,21822.0,5196.0,887.0,0.0,8.0,5.0,0.0,0.018234,0.135476,0.228166,0.343784,0.235454,0.306931,0.343784
28-06-2026-00-11-24,64.0,30.2,21189.0,4949.0,837.0,0.0,8.0,5.0,0.0,0.017705,0.129361,0.216836,0.33749,0.223622,0.300637,0.33749
28-06-2026-00-11-25,64.0,30.2,20544.0,4707.0,790.0,0.0,7.0,6.0,0.0,0.017167,0.123375,0.205896,0.321862,0.212181,0.292422,0.321862
28-06-2026-00-11-26,64.0,30.2,20042.0,4498.0,747.0,0.0,7.0,6.0,0.0,0.016746,0.118235,0.196304,0.29345,0.202205,0.286142,0.29345
28-06-2026-00-11-27,64.0,30.2,19712.0,4275.0,704.0,0.0,6.0,6.0,0.0,0.016471,0.112932,0.18652,0.271762,0.191979,0.271762,0.271762
28-06-2026-00-11-28,63.8,30.2,19047.0,3975.0,654.0,0.0,5.0,4.0,0.0,0.015915,0.105613,0.174001,0.236,0.17881,0.236,0.236
28-06-2026-00-11-29,63.8,30.2,18666.0,3751.0,613.0,0.0,5.0,3.0,0.0,0.015597,0.100221,0.164305,0.210206,0.168701,0.210206,0.210206
28-06-2026-00-11-30,63.8,30.2,18352.0,3554.0,576.0,0.0,4.0,2.0,0.0,0.015335,0.095528,0.15575,0.192047,0.159762,0.192047,0.192047
28-06-2026-00-11-31,63.8,30.2,18062.0,3376.0,542.0,0.0,4.0,1.0,0.0,0.015092,0.091262,0.147947,0.177455,0.151635,0.177455,0.177455
28-06-2026-00-11-32,64.0,30.2,17793.0,3214.0,511.0,0.0,4.0,1.0,0.0,0.014867,0.087382,0.140821,0.165453,0.144244,0.165453,0.165453
28-06-2026-00-11-33,64.0,30.2,17544.0,3067.0,483.0,0.0,3.0,1.0,0.0,0.014659,0.083854,0.134317,0.155487,0.137503,0.155487,0.155487
28-06-2026-00-11-34,63.8,30.2,17565.0,3058.0,485.0,0.0,3.0,1.0,0.0,0.014677,0.083672,0.134345,0.152997,0.137325,0.152997,0.152997
28-06-2026-00-11-35,63.8,30.2,18013.0,3380.0,565.0,0.0,3.0,0.0,0.0,0.015051,0.091307,0.150415,0.166062,0.153159,0.166062,0.166062
28-06-2026-00-11-36,63.9,30.2,18372.0,3695.0,642.0,0.0,3.0,0.0,0.0,0.015351,0.098722,0.165848,0.178991,0.168386,0.178991,0.178991
28-06-2026-00-11-37,63.9,30.2,18486.0,3961.0,708.0,0.0,2.0,0.0,0.0,0.015446,0.104808,0.178765,0.188416,0.181037,0.188416,0.188416
28-06-2026-00-11-38,64.0,30.2,18554.0,4195.0,767.0,0.0,2.0,0.0,0.0,0.015503,0.110164,0.190295,0.196912,0.192302,0.196912,0.196912
28-06-2026-00-11-39,64.0,30.2,18618.0,4410.0,821.0,0.0,2.0,0.0,0.0,0.015557,0.115063,0.200852,0.206335,0.202652,0.206335,0.206335
28-06-2026-00-11-40,64.0,30.2,18865.0,4636.0,874.0,0.0,1.0,0.0,0.0,0.015764,0.120357,0.211649,0.215571,0.213272,0.215571,0.215571
28-06-2026-00-11-41,,,19640.0,4926.0,931.0,0.0,1.0,0.0,0.0,0.016411,0.127556,0.22486,0.228663,0.226365,0.228663,0.228663
28-06-2026-00-11-42,,,19407.0,4792.0,893.0,0.0,1.0,0.0,0.0,0.016216,0.124345,0.217625,0.218864,0.218864,0.218864,0.218864
